STATE,ST_CASE,VE_TOTAL,VE_FORMS,PVH_INVL,PEDS,PERNOTMVIT,PERMVIT,PERSONS,COUNTY,CITY,DAY,MONTH,YEAR,DAY_WEEK,HOUR,MINUTE,NHS,RUR_URB,FUNC_SYS,RD_OWNER,ROUTE,TWAY_ID,TWAY_ID2,MILEPT,LATITUDE,LONGITUD,SP_JUR,HARM_EV,MAN_COLL,RELJCT1,RELJCT2,TYP_INT,WRK_ZONE,REL_ROAD,LGT_COND,WEATHER1,WEATHER2,WEATHER,SCH_BUS,RAIL,NOT_HOUR,NOT_MIN,ARR_HOUR,ARR_MIN,HOSP_HR,HOSP_MN,CF1,CF2,CF3,FATALS,DRUNK_DR
12,120227,2,2,0,0,0,3,3,95,0,1,3,2016,3,16,35,1,2,3,1,3,SR-50,,99998,28.53547500,-81.035911110000,0,12,1,0,1,1,0,1,1,1,0,1,0,0000000,99,99,99,99,99,99,0,0,0,2,0
12,120229,2,2,0,0,0,2,2,31,1510,9,1,2016,7,14,0,1,1,3,1,3,SR-15,LONG BOW RD,99998,30.25319167,-81.699191670000,0,12,6,0,2,3,0,1,1,10,0,10,0,0000000,99,99,99,99,99,99,0,0,0,2,0
12,120230,1,1,0,0,0,1,1,31,1510,27,1,2016,4,20,37,0,2,3,25,7,CLARK RD,MAIN ST,99998,30.20263889,-82.011047220000,0,23,0,0,5,1,0,4,2,1,0,1,0,0000000,99,99,99,99,99,99,0,0,0,1,1
12,120231,2,2,0,0,0,3,3,15,0,6,3,2016,1,2,5,0,1,7,25,6,ATWATER ST,,99998,27.03122500,-82.113227780000,0,12,2,0,1,1,0,1,2,1,0,1,0,0000000,99,99,99,99,99,99,0,0,0,1,1
12,120232,1,1,0,0,0,1,1,27,0,13,3,2016,1,0,10,1,1,3,1,3,SR-70,,252,27.25198889,-81.959738890000,0,43,0,0,1,1,0,5,2,10,0,10,0,0000000,99,99,99,99,88,88,0,0,0,1,1
12,120233,4,2,2,0,1,3,4,86,0,6,3,2016,1,18,56,1,2,3,1,3,SR-976,SW 104 CT,99998,25.73248889,-80.363780560000,0,12,2,0,2,3,0,1,3,1,0,1,0,0000000,99,99,99,99,88,88,14,0,0,1,0
12,120234,1,1,0,0,0,1,1,95,0,14,3,2016,2,7,34,1,1,3,1,3,SR-50,,99998,28.54365278,-80.939936110000,0,52,0,0,1,1,0,4,1,1,0,1,0,0000000,99,99,99,99,99,99,0,0,0,1,0
12,120236,1,1,0,0,0,1,1,35,0,10,3,2016,5,10,30,0,2,7,25,5,OCEAN CREST DR,OCEAN CREST WAY,99998,29.60515556,-81.190280560000,0,42,0,0,8,1,0,5,1,1,0,1,0,0000000,99,99,99,99,88,88,0,0,0,1,0
12,120237,2,2,0,0,0,3,3,93,0,13,3,2016,1,7,0,1,1,3,1,2,US-441,,99998,27.45629167,-80.809533330000,0,12,11,0,1,1,0,1,2,1,0,1,0,0000000,99,99,99,99,99,99,0,0,0,1,0
12,120238,2,2,0,0,0,2,2,86,2230,11,3,2016,6,13,39,0,2,4,1,3,SR-860,NE 183RD ST,99998,25.94421667,-80.162716670000,0,12,6,0,3,2,0,1,1,1,0,1,0,0000000,99,99,99,99,99,99,0,0,0,1,0
12,120239,2,2,0,0,0,3,3,39,0,12,3,2016,7,13,25,0,1,3,1,3,SR-267,,99998,30.67213056,-84.615238890000,0,1,0,0,1,1,0,1,1,1,0,1,0,0000000,99,99,99,99,88,88,0,0,0,1,0
12,120240,1,1,0,0,0,5,5,127,0,6,2,2016,7,17,45,1,1,3,1,2,US-17,,99998,29.14924167,-81.372633330000,0,1,0,0,1,1,0,4,2,2,0,2,0,0000000,99,99,99,99,99,99,0,0,0,1,0
12,120241,2,2,0,0,0,2,2,57,0,1,3,2016,3,3,3,1,2,1,1,1,I-75,,99998,27.84861944,-82.346600000000,0,12,1,0,1,1,4,1,3,1,0,1,0,0000000,99,99,99,99,88,88,0,0,0,1,1
12,120242,3,3,0,0,0,3,3,86,0,9,3,2016,4,6,50,1,2,1,1,1,I-95,,99998,25.81266944,-80.206161110000,0,12,1,0,1,1,0,1,1,10,0,10,0,0000000,99,99,99,99,99,99,0,0,0,1,0
12,120243,1,1,0,0,0,1,1,71,0,14,3,2016,2,20,0,0,1,7,25,6,CHAMBERLIN PARKWAY,,99998,26.54678889,-81.751830560000,0,1,0,0,1,1,0,4,3,1,0,1,0,0000000,99,99,99,99,88,88,0,0,0,1,0
12,120244,1,1,0,0,0,1,1,29,0,5,2,2016,6,22,15,0,1,5,25,5,544TH STREET,,99998,29.65833333,-83.027500000000,0,1,0,0,1,1,0,4,2,1,0,1,0,0000000,99,99,99,99,88,88,0,0,0,1,1
12,120246,2,2,0,0,0,3,3,21,0,11,3,2016,6,13,6,1,1,3,1,2,US-41,,99998,26.01843889,-81.629061110000,0,24,0,0,1,1,0,4,1,10,0,10,0,0000000,99,99,99,99,99,99,0,0,0,1,0
12,120247,1,1,0,0,0,2,2,85,0,15,3,2016,3,3,15,0,2,6,25,5,SALERNO RD,,99998,27.14688889,-80.198780560000,0,10,0,0,6,1,0,1,3,1,0,1,0,272357P,99,99,99,99,88,88,0,0,0,2,1
12,120248,2,2,0,0,0,2,2,51,0,18,3,2016,6,5,40,1,1,3,1,3,SR-80,,99998,26.76828889,-81.279497220000,0,12,2,0,1,1,0,4,2,1,0,1,0,0000000,99,99,99,99,88,88,0,0,0,2,1
12,120249,1,1,0,0,0,1,1,7,0,17,3,2016,5,18,59,1,1,3,1,3,SR-21,,99998,29.76019722,-82.056130560000,0,42,0,0,1,1,0,5,5,2,0,2,0,0000000,99,99,99,99,99,99,0,0,0,1,1
12,120250,3,3,0,0,0,3,3,99,0,10,3,2016,5,3,56,1,1,3,1,3,SR-80,SUGAR HOUSE RD,99998,26.72638889,-80.650000000000,0,12,6,1,2,3,0,1,2,1,0,1,0,0000000,99,99,99,99,99,99,0,0,0,2,0
12,120251,3,3,0,0,0,3,3,95,0,11,3,2016,6,1,4,1,2,1,1,1,I-4,,99998,28.59263611,-81.381380560000,0,12,1,1,18,1,4,1,3,1,0,1,0,0000000,99,99,99,99,88,88,0,0,0,1,1
12,120252,2,2,0,0,0,4,4,127,0,6,2,2016,7,5,45,1,1,1,1,1,I-4,,99998,29.15271944,-81.081558330000,0,12,6,0,1,1,0,1,6,1,0,1,0,0000000,99,99,99,99,99,99,0,0,0,1,1
12,120253,2,2,0,0,0,6,6,11,2916,13,3,2016,1,5,35,1,2,3,1,3,SR-869,,99998,26.16698056,-80.320288890000,0,12,1,0,1,1,0,1,3,1,0,1,0,0000000,99,99,99,99,99,99,0,0,0,1,1
12,120254,2,2,0,0,0,3,3,95,0,6,2,2016,7,1,25,0,2,7,2,6,DEAN RD,LAKE UNDERHILL RD,99998,28.53936667,-81.244191670000,0,12,6,0,2,2,0,1,3,1,0,1,0,0000000,99,99,99,99,99,99,0,0,0,1,1
12,120255,1,1,0,0,0,3,3,61,0,11,3,2016,6,15,10,1,1,1,1,1,I-95,,99998,27.61541111,-80.514269440000,0,1,0,0,1,1,0,3,1,1,0,1,0,0000000,99,99,99,99,99,99,0,0,0,1,0
12,120258,2,2,0,0,0,5,5,115,0,5,2,2016,6,21,5,1,2,3,1,3,SR-777,,99998,26.99776111,-82.295741670000,0,12,2,0,1,1,0,1,2,1,0,1,0,0000000,99,99,99,99,99,99,0,0,0,1,0
12,120259,2,2,0,0,0,2,2,57,0,16,3,2016,4,13,1,1,2,3,1,2,US-301,,99998,27.82500000,-82.330555560000,0,12,6,0,1,1,0,1,1,1,0,1,0,0000000,99,99,99,99,88,88,0,0,0,1,0
12,120260,2,2,0,0,0,3,3,95,0,17,3,2016,5,21,59,0,2,5,25,6,RHODE ISLAND WOODS CIR,,99998,28.35977222,-81.353208330000,0,12,7,0,1,1,0,1,3,1,0,1,0,0000000,99,99,99,99,99,99,0,0,0,1,0
12,120261,1,1,0,0,0,1,1,86,0,22,3,2016,3,5,24,1,1,3,1,3,SR-821,106 STREET,99998,25.86777778,-80.388055560000,0,38,0,0,1,1,0,4,3,10,0,10,0,0000000,99,99,99,99,88,88,0,0,0,1,0
12,120262,1,1,0,0,0,2,2,95,0,16,3,2016,4,3,25,1,1,3,1,3,SR-50,CHRISTMAS SHOOL RD,99998,28.53652778,-81.017541670000,0,59,0,0,3,2,0,4,2,1,0,1,0,0000000,99,99,99,99,88,88,0,0,0,2,1
12,120264,2,2,0,0,0,2,2,33,0,20,3,2016,1,20,27,1,2,3,1,3,SR-173,,99998,30.43790000,-87.324138890000,0,12,1,0,1,1,0,1,3,1,0,1,0,0000000,99,99,99,99,88,88,0,0,0,1,1
12,120265,1,1,0,0,0,1,1,47,0,17,3,2016,5,0,10,0,1,4,25,4,CR-143,,99998,30.57555556,-83.146388890000,0,32,0,0,1,1,0,4,2,1,0,1,0,0000000,99,99,99,99,88,88,0,0,0,1,1
12,120266,1,1,0,0,0,1,1,15,2573,28,2,2016,1,13,35,0,2,7,25,6,STARLITE LN,,99998,26.99944444,-82.085555560000,0,42,0,0,1,1,0,5,1,1,0,1,0,0000000,99,99,99,99,99,99,0,0,0,1,0
12,120267,2,2,0,0,0,3,3,86,0,20,3,2016,1,20,40,1,1,3,1,3,SR-994,SOUTHWEST 132 AVENUE,99998,25.58083333,-80.405277780000,0,12,2,1,2,3,0,1,3,2,0,2,0,0000000,99,99,99,99,88,88,0,0,0,1,0
12,120268,2,2,0,0,0,4,4,83,0,8,3,2016,3,16,50,0,2,7,25,6,GAINESVILLE RD,,99998,29.33294167,-82.197316670000,0,12,2,0,1,1,0,1,1,1,0,1,0,0000000,99,99,99,99,99,99,0,0,0,1,0
12,120269,3,3,0,0,0,3,3,31,1510,20,3,2016,1,2,45,1,2,3,1,2,US-1,,99998,30.38749722,-81.733461110000,0,12,1,0,1,1,0,1,3,1,0,1,0,0000000,99,99,99,99,99,99,0,0,0,1,1
12,120271,2,2,0,0,0,2,2,83,2270,13,3,2016,1,15,37,1,2,3,1,3,SR-40,,99998,29.18701111,-82.120561110000,0,12,2,0,1,1,0,1,1,10,0,10,0,0000000,99,99,99,99,88,88,0,0,0,1,1
12,120272,1,1,0,0,0,1,1,73,0,12,2,2016,6,1,42,0,1,7,25,6,OAK RIDGE RD,DL CROSBY LN,99998,30.32443889,-84.271730560000,0,42,0,0,3,3,0,5,2,1,0,1,0,0000000,99,99,99,99,88,88,0,0,0,1,1
12,120273,2,2,0,0,0,8,8,5,2451,15,3,2016,3,1,18,1,2,3,1,3,SR-392A,,99998,30.19885833,-85.840522220000,0,12,2,0,1,1,0,1,3,1,0,1,0,0000000,99,99,99,99,88,88,0,0,0,1,0
12,120276,2,2,0,0,0,2,2,86,0,24,1,2016,1,16,15,0,2,7,25,6,75TH AVE,22 ND ST,99998,25.75038889,-80.317255560000,0,12,6,0,2,2,0,1,1,1,0,1,0,0000000,99,99,99,99,99,99,0,0,0,1,0
12,120277,3,3,0,0,0,6,6,11,1050,11,1,2016,2,8,29,1,2,3,1,2,US-1,26TH ST,99998,26.15983611,-80.116677780000,0,12,6,0,2,2,0,1,1,1,0,1,0,0000000,99,99,99,99,99,99,0,0,0,1,0
12,120278,4,4,0,0,0,5,5,11,1050,6,2,2016,7,10,51,1,2,3,1,2,US-1,,99998,26.13675278,-80.144211110000,0,12,1,0,1,1,0,1,1,2,0,2,0,0000000,99,99,99,99,99,99,0,0,0,1,1
12,120279,1,1,0,0,0,1,1,57,2950,16,1,2016,7,3,30,0,2,5,25,5,SHORE BLVD,,99998,27.92334444,-82.523994440000,0,30,0,0,1,1,0,4,3,1,0,1,0,0000000,99,99,99,99,99,99,0,0,0,1,1
12,120280,1,1,0,0,0,1,1,57,2950,18,1,2016,2,19,5,1,2,3,1,2,US-92,TAMPA BAY BLVD W,105,27.97401667,-82.505400000000,0,33,0,0,3,2,0,4,3,10,0,10,0,0000000,99,99,99,99,88,88,0,0,0,1,1
12,120281,1,1,0,0,0,1,1,57,2950,15,1,2016,6,18,50,1,2,3,1,2,US-92,,86,27.94661667,-82.505652780000,0,33,0,0,1,1,0,4,3,1,0,1,0,0000000,99,99,99,99,88,88,0,0,0,1,0
12,120282,2,2,0,0,0,5,5,57,2950,25,1,2016,2,3,15,1,2,3,1,3,SR-60,,99998,27.96750000,-82.568025000000,0,24,0,0,1,1,0,4,3,1,0,1,0,0000000,99,99,99,99,99,99,0,0,0,1,1
12,120283,1,1,0,0,0,1,1,105,0,1,2,2016,2,4,23,1,2,3,1,2,US-27,,99998,28.03961667,-81.636813890000,0,31,0,0,1,1,0,4,2,1,0,1,0,0000000,99,99,99,99,88,88,0,0,0,1,1
12,120284,2,2,0,0,0,6,6,105,0,23,2,2016,3,19,5,1,2,3,1,3,SR-60,CR-655,99998,27.91638333,-81.726386110000,0,12,6,0,2,3,0,1,3,1,0,1,0,0000000,99,99,99,99,99,99,0,0,0,1,0
12,120285,3,3,0,0,0,5,5,86,1340,1,2,2016,2,13,45,1,2,3,1,3,SR-953,,99998,25.82711389,-80.265383330000,0,12,6,0,1,1,0,1,1,2,0,2,0,0000000,99,99,99,99,99,99,0,0,0,2,0
12,120287,3,3,0,0,0,3,3,117,2770,15,1,2016,6,20,13,0,2,6,25,5,25TH ST,AIRPORT BLVD,99998,28.78641944,-81.297647220000,0,12,1,0,3,2,0,1,3,1,0,1,0,0000000,99,99,99,99,99,99,0,0,0,1,0
12,120288,2,2,0,0,0,2,2,105,1690,2,2,2016,3,8,7,1,1,3,1,3,SR-546,SWINDELL RD,99998,28.05490556,-81.998513890000,0,12,6,0,2,3,0,1,1,5,0,5,0,0000000,99,99,99,99,88,88,0,0,0,1,0
12,120289,1,1,0,0,0,1,1,99,330,17,1,2016,1,19,50,0,2,5,25,5,8TH AVE,,99998,26.52012500,-80.061150000000,0,38,0,0,1,1,0,5,2,1,0,1,0,0000000,99,99,99,99,88,88,0,0,0,1,0
12,120290,1,1,0,0,0,1,1,99,330,16,1,2016,7,1,48,0,2,5,25,5,23RD AVE,,99998,26.50728333,-80.064863890000,0,30,0,0,1,1,0,4,3,1,0,1,0,0000000,99,99,99,99,88,88,0,0,0,1,0
12,120291,1,1,0,0,0,1,1,103,1250,19,1,2016,3,3,35,0,2,5,25,5,49TH ST,18TH AVE,99998,27.75191389,-82.699772220000,0,33,0,0,3,3,0,4,3,1,0,1,0,0000000,99,99,99,99,88,88,0,0,0,1,1
12,120292,2,2,0,0,0,2,2,103,860,30,1,2016,7,21,23,0,2,4,25,4,CR-1,,9,28.03316111,-82.761411110000,0,12,2,0,1,1,0,1,2,1,0,1,0,0000000,99,99,99,99,99,99,0,0,0,1,1
12,120293,1,1,0,1,1,1,1,103,0,2,2,2016,3,15,2,1,2,3,1,3,SR-699,70TH AVE,99998,27.73896667,-82.749463890000,0,8,0,0,3,2,0,1,1,1,0,1,0,0000000,99,99,99,99,99,99,0,0,0,1,0
12,120294,2,2,0,0,0,2,2,57,2950,9,3,2016,4,0,34,1,2,3,1,2,US-92,CYPRESS ST,90,27.95214722,-82.505622220000,0,12,6,0,2,2,4,1,3,1,0,1,0,0000000,99,99,99,99,88,88,0,0,0,1,1
12,120295,1,1,0,0,0,1,1,69,1820,7,1,2016,5,11,49,1,2,3,1,2,US-27,,99998,28.80978611,-81.887936110000,0,42,0,0,1,1,0,4,1,1,0,1,0,0000000,99,99,99,99,99,99,0,0,0,1,0
12,120296,1,1,0,0,0,2,2,31,1510,5,2,2016,6,13,10,1,2,3,1,2,US-1,,99998,30.37750000,-81.728055560000,0,32,0,0,1,1,0,4,1,1,0,1,0,0000000,99,99,99,99,99,99,0,0,0,1,0
12,120297,1,1,0,0,0,3,3,31,1510,6,3,2016,1,2,2,0,2,5,25,5,DUVAL STATION,,99998,30.48861111,-81.623888890000,0,33,0,0,1,1,0,4,3,1,0,1,0,0000000,99,99,99,99,88,88,0,0,0,3,0
12,120299,2,2,0,0,0,4,4,57,0,14,2,2016,1,2,22,0,1,7,25,4,CR-579,SLIGH AVE,99998,28.01063056,-82.302466670000,0,12,2,0,2,2,2,1,3,1,0,1,0,0000000,99,99,99,99,99,99,0,0,0,1,2
12,120300,6,6,0,0,0,11,11,57,0,18,3,2016,6,12,50,1,2,3,1,2,US-301,BALM RIVERVIEW RD,99998,27.77018889,-82.334875000000,0,12,7,0,3,3,0,1,1,1,0,1,0,0000000,99,99,99,99,99,99,0,0,0,1,0
12,120301,2,2,0,0,0,2,2,57,0,9,1,2016,7,5,15,0,2,5,25,5,FLETCHER  AV,,99998,28.06922778,-82.388611110000,0,12,2,0,1,1,0,1,3,1,0,1,0,0000000,99,99,99,99,99,99,0,0,0,1,0
12,120302,2,2,0,0,0,2,2,57,0,5,1,2016,3,20,54,0,1,4,25,4,CR-589,FLORA ST,99998,28.01225278,-82.545416670000,0,1,0,0,3,3,0,1,3,1,0,1,0,0000000,99,99,99,99,88,88,0,0,0,1,1
12,120303,1,1,0,0,0,2,2,57,0,20,1,2016,4,5,35,0,1,5,25,5,RIVERVIEW DR,,99998,27.86374167,-82.381150000000,0,42,0,0,8,1,0,5,2,1,0,1,0,0000000,99,99,99,99,99,99,0,0,0,1,1
12,120304,3,3,0,0,0,4,4,57,0,12,3,2016,7,2,46,1,2,3,1,3,SR-618,,99998,27.92816944,-82.333686110000,0,12,2,0,1,1,0,1,3,1,0,1,0,0000000,99,99,99,99,99,99,14,0,0,2,1
12,120305,2,2,0,0,0,3,3,57,0,17,3,2016,5,16,45,0,2,6,25,5,MORRIS BRIDGE RD,,99998,28.16481389,-82.265641670000,0,12,8,0,1,1,0,1,1,1,0,1,0,0000000,99,99,99,99,99,99,0,0,0,1,0
12,120306,1,1,0,0,0,2,2,57,0,18,3,2016,6,20,42,0,2,6,25,5,OLD MULBERRY RD,,99998,27.96222222,-82.064013890000,0,30,0,0,1,1,0,4,2,1,0,1,0,0000000,99,99,99,99,88,88,0,0,0,1,1
12,120307,2,2,0,0,0,2,2,57,0,19,3,2016,7,17,43,0,2,6,25,5,LITHIA PINECREST RD,,99998,27.92420833,-82.270863890000,0,12,6,0,8,1,0,1,1,10,0,10,0,0000000,99,99,99,99,99,99,0,0,0,1,0
12,120308,2,2,0,0,0,2,2,57,0,25,3,2016,6,5,45,0,2,6,25,5,JOE EBERT RD,,99998,28.03615000,-82.307377780000,0,12,2,0,1,1,0,1,2,10,0,10,0,0000000,99,99,99,99,99,99,0,0,0,1,1
12,120309,2,2,0,0,0,2,2,71,1070,22,3,2016,3,11,4,1,2,3,1,3,SR-82,I-75 RAMP,99998,26.63442222,-81.801563890000,0,12,6,1,2,2,0,1,1,1,0,1,0,0000000,99,99,99,99,99,99,0,0,0,1,0
12,120310,1,1,0,0,0,4,4,11,1782,10,1,2016,1,20,1,0,1,5,25,5,NW 44TH ST,INVERRARY BLVD,99998,26.17765000,-80.247538890000,0,38,0,0,3,3,0,5,3,1,0,1,0,0000000,99,99,99,99,99,99,0,0,0,3,1
12,120311,3,3,0,0,0,5,5,11,1782,26,2,2016,6,14,58,0,2,5,25,5,INVERRARY BLVD,INVERRARY DRIVE,99998,26.16993889,-80.234000000000,0,12,2,0,2,2,0,1,1,1,0,1,0,0000000,99,99,99,99,99,99,0,0,0,1,0
12,120312,1,1,0,0,0,1,1,103,0,15,2,2016,2,3,25,1,2,3,1,3,SR-688,,121,27.89361111,-82.663333330000,0,59,0,0,1,1,0,10,3,1,0,1,0,0000000,99,99,99,99,99,99,0,0,0,1,0
12,120313,5,1,4,0,0,1,1,86,2010,8,1,2016,6,0,58,0,2,5,25,5,SW 3RD AVE,SW 13TH ST,99998,25.75112222,-80.214263890000,0,33,0,0,3,7,0,3,3,1,0,1,0,0000000,99,99,99,99,88,88,14,0,0,1,1
12,120314,2,2,0,0,0,2,2,11,771,29,1,2016,6,20,32,1,2,3,1,2,US-441,SW 52ND CT,99998,26.05609167,-80.207583330000,0,12,6,0,2,3,0,1,3,1,0,1,0,0000000,99,99,99,99,88,88,0,0,0,1,0
12,120315,1,1,0,0,0,1,1,11,771,21,2,2016,1,20,20,0,2,7,25,6,ORANGE GROVE DR,,99998,26.09958889,-80.267580560000,0,33,0,0,1,1,0,3,3,1,0,1,0,0000000,99,99,99,99,88,88,0,0,0,1,0
12,120316,1,1,0,0,0,1,1,95,70,22,2,2016,2,18,20,1,2,3,1,2,US-441,,99998,28.65664722,-81.472783330000,0,42,0,0,1,1,0,4,1,1,0,1,0,0000000,99,99,99,99,99,99,0,0,0,1,0
12,120317,2,2,0,0,0,3,3,103,2530,20,1,2016,4,19,42,0,2,5,25,5,49TH ST,62 ND AVE,99998,27.82835000,-82.700005560000,0,12,2,0,2,2,0,1,3,1,0,1,0,0000000,99,99,99,99,99,99,0,0,0,1,0
12,120318,1,1,0,0,0,1,1,103,2530,29,2,2016,2,3,10,1,2,3,1,2,US-19,BRYAN DAIRY RD,99998,27.87893333,-82.711630560000,0,21,0,0,3,2,0,3,3,1,0,1,0,0000000,99,99,99,99,88,88,0,0,0,1,0
12,120319,2,2,0,0,0,2,2,11,2570,20,1,2016,4,7,0,0,2,5,25,5,ANDREWS AV,,99998,26.24145556,-80.143066670000,0,1,0,0,1,1,0,1,1,1,0,1,0,0000000,99,99,99,99,88,88,0,0,0,1,0
12,120321,2,2,0,0,0,3,3,11,2260,31,1,2016,1,15,49,1,2,3,1,3,SR-870,,99998,26.18879444,-80.137063890000,0,12,6,0,8,1,0,1,1,1,0,1,0,0000000,99,99,99,99,99,99,0,0,0,1,0
12,120322,1,1,0,1,1,1,1,11,1420,10,2,2016,4,17,0,0,2,6,25,6,4000 MCINTOSH RD,,99998,26.04156944,-80.254808330000,0,8,0,0,1,1,0,5,1,1,0,1,0,0000000,99,99,99,99,88,88,0,0,0,1,0
12,120323,3,3,0,0,0,5,5,11,2219,12,2,2016,6,20,27,0,2,7,25,6,ROCK ISLAND RD,TAM O SHANTER BLVD,99998,26.21460556,-80.220397220000,0,12,6,0,2,2,0,1,3,1,0,1,0,0000000,99,99,99,99,99,99,0,0,0,1,0
12,120324,2,2,0,0,0,2,2,11,2570,22,3,2016,3,14,53,1,2,3,1,2,US-1,18TH ST,99998,26.25457500,-80.100302780000,0,12,6,0,2,2,0,1,1,1,0,1,0,0000000,99,99,99,99,99,99,0,0,0,1,0
12,120325,1,1,0,0,0,1,1,11,2948,25,3,2016,6,8,46,1,2,3,1,3,SR-870,,99998,26.19374444,-80.234269440000,0,40,0,0,1,1,0,4,1,10,0,10,0,0000000,8,47,8,54,88,88,0,0,0,1,0
12,120326,2,2,0,0,0,2,2,1,1130,16,3,2016,4,17,12,1,2,3,1,3,SR-120,2ND ST,99998,29.67386944,-82.319597220000,0,12,6,0,2,2,0,1,1,10,0,10,0,0000000,99,99,99,99,88,88,0,0,0,1,0
12,120327,2,2,0,0,0,3,3,1,1130,24,3,2016,5,8,54,1,2,3,1,3,SR-24,NEWELL DR,99998,29.63974167,-82.341855560000,0,12,6,0,2,2,0,1,1,1,0,1,0,0000000,99,99,99,99,88,88,0,0,0,1,0
12,120328,1,1,0,0,0,1,1,99,3190,17,3,2016,5,6,44,0,1,7,25,6,CONGRESS AVE,,41,26.74496667,-80.089538890000,0,1,0,0,1,1,0,4,3,1,0,1,0,0000000,99,99,99,99,88,88,0,0,0,1,1
12,120329,2,2,0,0,0,2,2,11,2541,15,1,2016,6,15,15,0,2,6,25,5,PINE ISLAND RD,AMERICAN EXPRESS WAY,4,26.12651389,-80.262672220000,0,12,6,0,2,2,0,1,1,2,0,2,0,0000000,99,99,99,99,88,88,0,0,0,1,0
12,120331,1,1,0,0,0,2,2,105,0,27,2,2016,7,13,54,1,1,3,1,3,SR-60,,99998,27.84129444,-81.354825000000,0,1,0,0,1,1,0,1,1,1,0,1,0,0000000,99,99,99,99,99,99,0,0,0,1,0
12,120332,2,2,0,0,0,3,3,105,0,22,2,2016,2,19,16,0,1,7,25,5,LOGISTICS PARKWAY,OLD BARTOW LAKE WALES RD,99998,27.92359167,-81.709019440000,0,12,6,0,2,2,0,1,2,10,0,10,0,0000000,99,99,99,99,99,99,0,0,0,1,0
12,120333,2,2,0,0,0,2,2,105,0,5,3,2016,7,16,11,0,2,7,25,6,COUNTY LINE ROAD,EWELL ROAD,99998,27.95288889,-82.055311110000,0,12,6,0,2,2,0,1,1,1,0,1,0,0000000,99,99,99,99,88,88,0,0,0,1,0
12,120334,2,2,0,0,0,2,2,11,2083,15,2,2016,2,2,27,1,2,3,1,2,US-27,PEMBROKE RD,99998,25.98321944,-80.432122220000,0,12,2,0,1,1,0,1,2,10,0,10,0,0000000,99,99,99,99,99,99,0,0,0,1,0
12,120335,2,2,0,0,0,2,2,86,2023,30,1,2016,7,21,34,0,2,5,25,5,42ND AVE,179TH ST,99998,25.93636389,-80.269197220000,0,12,2,0,2,3,0,1,3,1,0,1,0,0000000,99,99,99,99,99,99,19,0,0,1,1
12,120337,2,2,0,0,0,2,2,86,0,6,2,2016,7,20,36,0,2,7,25,5,74TH ST,,99998,25.84058611,-80.353713890000,0,25,0,0,1,1,0,3,3,2,0,2,0,0000000,99,99,99,99,99,99,0,0,0,1,0
12,120338,1,1,0,0,0,1,1,86,0,13,2,2016,7,3,24,0,2,7,25,5,DIXIE HWY,189TH ST,99998,25.95025833,-80.148869440000,0,33,0,0,3,2,0,4,3,1,0,1,0,0000000,99,99,99,99,88,88,0,0,0,1,0
12,120339,1,1,0,0,0,1,1,86,0,21,2,2016,1,3,21,0,2,7,25,5,152ND STREET,,99998,25.62634722,-80.408327780000,0,18,0,0,1,1,4,3,3,1,0,1,0,0000000,99,99,99,99,88,88,0,0,0,1,0
12,120340,1,1,0,0,0,1,1,103,2730,1,1,2016,6,4,30,1,2,3,1,3,SR-686,,99998,27.88096944,-82.661855560000,0,24,0,0,1,1,0,3,3,5,0,5,0,0000000,99,99,99,99,99,99,0,0,0,1,1
12,120341,2,2,0,0,0,3,3,103,2730,27,1,2016,4,5,41,0,2,5,25,5,38TH AVE,42ND ST,99998,27.80642500,-82.690763890000,0,12,6,0,3,98,0,1,3,2,0,2,0,0000000,99,99,99,99,88,88,0,0,0,1,0
12,120342,2,2,0,0,0,4,4,103,2730,19,2,2016,6,8,20,0,2,5,25,5,34TH ST,18TH AVE,99998,27.75197778,-82.679311110000,0,12,6,0,2,2,0,1,1,1,0,1,0,0000000,99,99,99,99,99,99,0,0,0,1,0
12,120343,3,1,2,0,0,1,1,103,2730,12,3,2016,7,15,50,0,2,5,25,5,15TH AVE,,99998,27.75573056,-82.666222220000,0,33,0,0,1,1,0,4,1,1,0,1,0,0000000,99,99,99,99,99,99,0,0,0,1,0
12,120344,1,1,0,0,0,2,2,103,2730,4,3,2016,6,10,17,0,2,7,25,6,22ND AVE,72 ND ST,99998,27.79178889,-82.739277780000,0,6,0,0,3,2,0,1,1,1,0,1,0,0000000,99,99,99,99,99,99,0,0,0,1,0