STATE,ST_CASE,VE_TOTAL,VE_FORMS,PVH_INVL,PEDS,PERNOTMVIT,PERMVIT,PERSONS,COUNTY,CITY,DAY,MONTH,YEAR,DAY_WEEK,HOUR,MINUTE,NHS,RUR_URB,FUNC_SYS,RD_OWNER,ROUTE,TWAY_ID,TWAY_ID2,MILEPT,LATITUDE,LONGITUD,SP_JUR,HARM_EV,MAN_COLL,RELJCT1,RELJCT2,TYP_INT,WRK_ZONE,REL_ROAD,LGT_COND,WEATHER1,WEATHER2,WEATHER,SCH_BUS,RAIL,NOT_HOUR,NOT_MIN,ARR_HOUR,ARR_MIN,HOSP_HR,HOSP_MN,CF1,CF2,CF3,FATALS,DRUNK_DR
12,120345,1,1,0,0,0,1,1,86,2930,14,2,2016,1,18,20,0,2,7,25,6,117TH AVENUE,25TH STREET,99998,25.79685556,-80.385100000000,0,39,0,0,3,2,0,4,5,1,0,1,0,0000000,99,99,99,99,99,99,0,0,0,1,0
12,120346,1,1,0,0,0,2,2,71,1823,4,2,2016,5,21,0,0,2,7,25,6,NORTH AVE,3RD STREET,99998,26.60621389,-81.613647220000,0,59,0,0,3,6,0,4,3,2,0,2,0,0000000,99,99,99,99,88,88,0,0,0,2,0
12,120347,2,2,0,0,0,3,3,71,0,3,3,2016,5,18,36,0,2,4,1,3,SR-78,,99998,26.71621944,-81.769211110000,0,12,6,0,1,1,0,1,3,1,0,1,0,0000000,99,99,99,99,99,99,0,0,0,1,1
12,120348,1,1,0,0,0,1,1,71,2218,6,3,2016,1,2,27,1,2,3,1,3,SR-78,,99998,26.68233056,-81.902369440000,0,33,0,0,1,1,0,3,2,1,0,1,0,0000000,99,99,99,99,99,99,0,0,0,1,1
12,120349,1,1,0,0,0,1,1,71,457,12,3,2016,7,18,59,0,2,5,25,5,NELSON ROAD,,99998,26.69583333,-81.990263890000,0,53,0,0,1,1,0,5,5,1,0,1,0,0000000,99,99,99,99,88,88,0,0,0,1,0
12,120350,2,2,0,0,0,2,2,99,820,17,2,2016,4,21,18,1,2,3,2,9,CONGRESS AVE,LOWSON BLVD,99998,26.44683333,-80.092505560000,0,12,6,0,2,2,0,1,3,1,0,1,0,0000000,99,99,99,99,88,88,0,0,0,1,0
12,120351,2,2,0,0,0,4,4,99,330,11,3,2016,6,19,33,0,2,7,25,6,WOOLBRIGHT RD,18TH DR,99998,26.51343333,-80.084558330000,0,12,6,0,2,2,0,1,3,5,0,5,0,0000000,99,99,99,99,99,99,0,0,0,3,0
12,120352,2,2,0,0,0,2,2,95,2360,31,1,2016,1,18,35,0,2,5,25,5,MICHIGAN ST,KUNZE AVE,99998,28.51291389,-81.379958330000,0,12,6,0,2,3,0,1,3,1,0,1,0,0000000,99,99,99,99,88,88,0,0,0,1,1
12,120353,1,1,0,0,0,1,1,86,2010,19,3,2016,7,13,40,1,2,3,1,3,SR-933,50TH ST,99998,25.82096667,-80.216130560000,0,46,0,0,3,2,0,4,1,2,0,2,0,0000000,99,99,99,99,88,88,0,0,0,1,0
12,120355,3,3,0,0,0,7,7,73,2940,21,2,2016,1,9,30,0,2,7,25,6,CALLAWAY RD,HOSPITALITY ST,99998,30.48060000,-84.304183330000,0,12,1,0,1,1,0,1,1,1,0,1,0,0000000,99,99,99,99,99,99,0,0,0,1,1
12,120356,1,1,0,0,0,2,2,73,2940,8,3,2016,3,14,27,0,2,7,25,6,MISSION RD,,99998,30.48773333,-84.344511110000,0,30,0,0,1,1,0,3,1,1,0,1,0,0000000,99,99,99,99,88,88,0,0,0,1,0
12,120357,2,1,1,0,0,1,1,87,1580,22,3,2016,3,3,30,0,2,5,25,5,FLAGLER AVE,,99998,24.56018889,-81.769108330000,0,14,0,0,1,1,0,2,2,10,0,10,0,0000000,99,99,99,99,88,88,0,0,0,1,0
12,120358,2,2,0,0,0,3,3,57,0,18,2,2016,5,16,40,1,2,1,1,1,I-75,,99998,27.94011667,-82.329819440000,0,12,1,0,1,1,0,1,1,1,0,1,0,0000000,99,99,99,99,99,99,0,0,0,1,0
12,120359,1,1,0,0,0,1,1,101,0,21,2,2016,1,2,15,0,2,7,25,5,NEW YORK AVE,HICKS ROAD,99998,28.37500000,-82.649722220000,0,18,0,1,3,3,0,5,2,1,0,1,0,0000000,2,18,2,26,88,88,0,0,0,1,1
12,120360,2,2,0,0,0,2,2,15,0,7,3,2016,2,19,40,1,2,3,1,2,US-41,,99998,26.97063056,-82.083144440000,0,12,1,0,1,1,0,1,3,1,0,1,0,0000000,99,99,99,99,99,99,0,0,0,1,1
12,120361,3,3,0,0,0,3,3,57,0,18,3,2016,6,8,54,0,1,4,25,4,CR-39,,99998,27.75111111,-82.145833330000,0,12,6,0,1,1,0,1,1,10,0,10,0,0000000,99,99,99,99,88,88,0,0,0,2,0
12,120362,2,2,0,0,0,2,2,95,0,15,3,2016,3,3,10,1,2,1,1,1,I-4,,99998,28.45652222,-81.474236110000,0,12,2,0,1,1,0,1,3,1,0,1,0,0000000,99,99,99,99,88,88,0,0,0,2,2
12,120363,1,1,0,0,0,2,2,19,0,19,3,2016,7,2,57,0,2,6,25,5,SPRINGBANK RD,,99998,29.92083611,-81.759563890000,0,42,0,0,1,1,0,4,2,10,0,10,0,0000000,99,99,99,99,99,99,0,0,0,1,1
12,120364,1,1,0,0,0,1,1,51,0,13,3,2016,1,11,50,1,1,3,1,3,SR-80,,99998,26.76564722,-81.381197220000,0,1,0,0,1,1,0,4,1,1,0,1,0,0000000,99,99,99,99,99,99,0,0,0,1,0
12,120365,2,2,0,0,0,6,6,95,0,14,3,2016,2,23,35,1,2,3,1,3,SR-527,OAK RIDGE ROAD,99998,28.47265278,-81.369741670000,0,12,6,1,2,2,0,1,3,1,0,1,0,0000000,99,99,99,99,99,99,0,0,0,1,0
12,120366,2,2,0,0,0,3,3,33,0,20,3,2016,1,1,10,1,1,3,1,3,SR-292,,99998,30.31222222,-87.426666670000,0,12,2,0,1,1,0,1,2,10,0,10,0,0000000,99,99,99,99,99,99,0,0,0,1,1
12,120367,1,1,0,0,0,1,1,3,0,28,2,2016,1,3,25,0,1,3,25,3,SR-228,,99998,30.26228056,-82.103211110000,0,42,0,0,1,1,0,4,2,1,0,1,0,0000000,99,99,99,99,88,88,0,0,0,1,1
12,120368,1,1,0,0,0,2,2,21,0,5,3,2016,7,19,15,1,1,3,1,3,SR-29,,99998,25.94853611,-81.357913890000,0,1,0,0,1,1,0,4,2,1,0,1,0,0000000,99,99,99,99,99,99,0,0,0,1,0
12,120369,1,1,0,0,0,2,2,21,0,23,3,2016,4,18,2,1,1,1,1,1,I-75,,99998,26.15527778,-81.300833330000,0,1,0,0,1,1,0,3,1,10,0,10,0,0000000,99,99,99,99,99,99,0,0,0,1,0
12,120370,3,3,0,0,0,3,3,65,0,16,3,2016,4,14,45,1,1,1,1,1,I-10,,99998,30.48943889,-83.992380560000,0,12,7,0,1,1,0,1,1,1,0,1,0,0000000,99,99,99,99,88,88,0,0,0,1,0
12,120371,2,2,0,0,0,2,2,11,771,18,3,2016,6,4,15,1,2,1,1,1,I-75,,99998,26.06277778,-80.354166670000,0,12,7,0,1,1,4,1,2,1,0,1,0,0000000,99,99,99,99,88,88,0,0,0,1,0
12,120372,1,1,0,0,0,1,1,73,0,28,2,2016,1,9,50,0,1,7,25,6,DEER LAKE W,,99998,30.58373333,-84.236233330000,0,33,0,0,1,1,0,4,1,1,0,1,0,0000000,99,99,99,99,88,88,0,0,0,1,0
12,120373,2,2,0,0,0,2,2,69,0,22,3,2016,3,14,55,0,2,3,1,3,SR-44,,16,28.81223056,-81.927783330000,0,12,6,0,1,1,0,1,1,1,0,1,0,0000000,99,99,99,99,99,99,0,0,0,1,0
12,120374,2,2,0,0,0,2,2,99,290,28,3,2016,2,16,53,1,1,1,1,1,I-95,,99998,26.34966389,-80.117800000000,0,12,1,1,18,1,0,1,1,1,0,1,0,0000000,99,99,99,99,99,99,0,0,0,1,0
12,120375,1,1,0,0,0,4,4,86,0,19,3,2016,7,22,12,1,2,2,1,2,US-441,,99998,25.92851111,-80.212080560000,0,20,0,1,5,1,0,8,3,1,0,1,0,0000000,99,99,99,99,99,99,0,0,0,1,1
12,120376,1,1,0,0,0,1,1,105,0,18,3,2016,6,21,40,0,2,6,25,5,MCMANN ROAD,,99998,28.09594722,-81.522580560000,0,1,0,0,1,1,0,1,2,1,0,1,0,0000000,99,99,99,99,88,88,0,0,0,1,1
12,120377,3,3,0,0,0,3,3,105,0,26,2,2016,6,16,28,0,2,4,1,3,SR-655,MCKEAN ST,99998,28.05132778,-81.796716670000,0,12,2,0,2,3,0,1,1,1,0,1,0,0000000,99,99,99,99,99,99,0,0,0,1,0
12,120378,1,1,0,0,0,1,1,127,780,23,3,2016,4,0,24,0,1,7,25,6,CHAMPIONS DR,,99998,29.19198333,-81.111275000000,0,33,0,0,1,1,0,4,2,1,0,1,0,0000000,99,99,99,99,88,88,0,0,0,1,1
12,120380,2,1,1,0,0,1,1,86,2023,28,3,2016,2,0,22,0,2,7,25,6,154TH ST,,99998,25.91534444,-80.231075000000,0,14,0,0,1,1,0,4,3,1,0,1,0,0000000,99,99,99,99,88,88,0,0,0,1,0
12,120381,1,1,0,0,0,1,1,109,0,7,3,2016,2,0,0,0,1,7,25,4,CR-16A,,99998,29.99625833,-81.539461110000,0,34,0,0,1,1,0,4,3,1,0,1,0,0000000,99,99,99,99,88,88,0,0,0,1,1
12,120382,1,1,0,0,0,1,1,69,2970,28,3,2016,2,22,57,1,2,3,1,3,SR-19,,99998,28.78947778,-81.746630560000,0,59,0,0,1,1,0,4,3,1,0,1,0,0000000,99,99,99,99,88,88,0,0,0,1,1
12,120383,1,1,0,0,0,2,2,86,2010,12,3,2016,7,22,0,0,1,7,25,8,237TH AVE,,99998,25.64438056,-80.575436110000,0,34,0,0,1,1,0,4,2,1,0,1,0,0000000,99,99,99,99,88,88,0,0,0,1,0
12,120384,2,2,0,0,0,2,2,57,2950,19,3,2016,7,1,3,1,2,3,1,3,SR-60,PARKER ST,99998,27.94615556,-82.462202780000,0,12,6,0,2,3,0,1,3,1,0,1,0,0000000,99,99,99,99,99,99,0,0,0,1,1
12,120385,1,1,0,0,0,1,1,11,2541,6,3,2016,1,2,30,0,2,5,25,5,70TH AVE,,99998,26.13950278,-80.242602780000,0,43,0,0,1,1,0,4,2,1,0,1,0,0000000,99,99,99,99,88,88,0,0,0,1,0
12,120386,1,1,0,0,0,1,1,127,825,17,3,2016,5,19,34,0,2,7,25,6,FORT SMITH BLVD,,99998,28.90620000,-81.221711110000,0,1,0,0,1,1,0,4,5,1,0,1,0,0000000,99,99,99,99,88,88,0,0,0,1,0
12,120387,1,1,0,0,0,3,3,57,0,3,4,2016,1,1,29,0,2,6,25,5,WILLIAMS RD,,99998,28.02999722,-82.332680560000,0,59,0,0,1,1,0,4,3,10,0,10,0,0000000,99,99,99,99,99,99,0,0,0,1,0
12,120388,2,2,0,0,0,3,3,57,0,31,3,2016,5,21,37,0,2,6,25,5,BELL SHOALS RD,,99998,27.86160278,-82.269241670000,0,12,6,0,1,1,0,1,2,1,0,1,0,0000000,99,99,99,99,99,99,0,0,0,2,1
12,120389,1,1,0,0,0,1,1,105,0,25,3,2016,6,1,5,1,1,3,1,3,SR-544,34TH ST NW,99998,28.05003333,-81.767988890000,0,30,0,0,3,3,0,4,3,2,0,2,0,0000000,99,99,99,99,88,88,0,0,0,1,1
12,120390,1,1,0,0,0,2,2,11,1420,14,3,2016,2,2,53,1,2,3,1,3,SR-820,N 17TH AVE,99998,26.01212500,-80.140730560000,0,19,0,0,3,3,0,4,3,1,0,1,0,0000000,99,99,99,99,99,99,0,0,0,1,1
12,120392,2,2,0,0,0,2,2,111,2601,12,3,2016,7,7,29,1,2,3,1,3,SR-716,,99998,27.27369444,-80.345838890000,0,33,0,0,1,1,0,3,1,1,0,1,0,0000000,99,99,99,99,99,99,0,0,0,1,0
12,120393,2,2,0,0,0,2,2,95,2250,2,4,2016,7,1,40,1,2,3,1,3,SR-50,,99998,28.54995000,-81.636911110000,0,12,1,0,1,1,0,1,3,1,0,1,0,0000000,99,99,99,99,88,88,0,0,0,1,1
12,120394,1,1,0,0,0,1,1,105,0,19,2,2016,6,16,15,0,2,7,25,5,KATHLEEN RD,,99998,28.09614444,-82.000327780000,0,1,0,0,1,1,0,1,5,1,0,1,0,0000000,99,99,99,99,99,99,0,0,0,1,0
12,120395,1,1,0,0,0,2,2,86,0,3,3,2016,5,14,7,1,2,3,1,3,SR-976,,99998,25.73445278,-80.268005560000,0,33,0,0,1,1,0,3,1,10,0,10,0,0000000,99,99,99,99,99,99,0,0,0,1,0
12,120396,1,1,0,0,0,1,1,75,0,17,2,2016,4,0,0,0,1,7,25,4,CR-102,,99998,29.42140556,-82.573005560000,0,18,0,0,1,1,0,5,2,1,0,1,0,0000000,99,99,99,99,88,88,0,0,0,1,0
12,120397,2,2,0,0,0,2,2,86,0,23,3,2016,4,18,48,0,2,5,25,5,12TH ST,,99998,25.78266111,-80.312888890000,0,12,6,0,8,1,0,1,1,1,0,1,0,0000000,99,99,99,99,88,88,0,0,0,1,0
12,120398,1,1,0,0,0,3,3,65,0,4,1,2016,2,18,0,1,1,2,1,2,US-27,,99998,30.40416667,-84.056666670000,0,1,0,0,1,1,0,3,2,1,0,1,0,0000000,99,99,99,99,99,99,0,0,0,1,1
12,120399,2,2,0,0,0,2,2,115,0,17,3,2016,5,10,50,1,1,1,1,1,I-75,,99998,27.35244444,-82.446738890000,0,12,6,0,1,1,0,1,1,1,0,1,0,0000000,99,99,99,99,99,99,0,0,0,1,0
12,120400,1,1,0,0,0,1,1,71,312,21,3,2016,2,9,43,0,2,5,25,5,PENNSYLVANIA AVE,TENNESSEE ST,99998,26.33828611,-81.787411110000,0,31,0,0,3,3,0,5,1,1,0,1,0,0000000,99,99,99,99,99,99,0,0,0,1,0
12,120401,3,3,0,0,0,9,9,1,1130,27,3,2016,1,12,25,0,1,3,1,3,SR-26,,99998,29.68572222,-82.227108330000,0,12,2,0,1,1,0,1,1,10,0,10,0,0000000,99,99,99,99,99,99,0,0,0,2,0
12,120402,1,1,0,0,0,1,1,31,1510,6,4,2016,4,19,15,0,2,6,25,5,YOUNGERMAN CIR,,99998,30.19730278,-81.747119440000,0,30,0,0,1,1,0,4,1,1,0,1,0,0000000,99,99,99,99,99,99,0,0,0,1,0
12,120403,2,2,0,0,0,2,2,11,2083,6,4,2016,4,1,58,0,2,6,25,5,FLAMINGO RD,,99998,25.97574167,-80.311175000000,0,12,6,0,1,1,0,1,3,1,0,1,0,0000000,99,99,99,99,88,88,0,0,0,1,0
12,120404,1,1,0,0,0,2,2,31,1510,6,4,2016,4,22,47,0,6,96,96,5,PRITCHARD RD,,99998,30.37694444,-81.826111110000,0,40,0,0,1,1,0,4,2,1,0,1,0,0000000,99,99,99,99,99,99,0,0,0,1,1
12,120405,2,2,0,0,0,3,3,127,2240,22,2,2016,2,19,32,1,2,3,1,2,US-1,,99998,28.87825278,-80.853486110000,0,12,6,0,8,1,0,1,5,1,0,1,0,0000000,99,99,99,99,99,99,0,0,0,2,0
12,120406,2,2,0,0,0,6,6,57,0,1,4,2016,6,16,12,0,2,6,25,5,WIGGINS RD,KIRKLAND RD,99998,28.00408333,-82.067980560000,0,12,6,0,2,2,0,1,1,1,0,1,0,0000000,99,99,99,99,99,99,0,0,0,1,1
12,120407,2,2,0,0,0,2,2,99,330,1,4,2016,6,16,56,0,2,5,25,5,CONGRESS AVE,MALL ACCESS ROAD,99998,26.53566667,-80.090563890000,0,12,6,0,2,2,0,1,1,1,0,1,0,0000000,99,99,99,99,99,99,0,0,0,1,0
12,120408,3,2,1,0,0,2,2,127,780,3,4,2016,1,3,9,0,2,5,25,5,FAIRVIEW AVE,,99998,29.22095278,-81.023847220000,0,12,1,0,1,1,0,1,3,1,0,1,0,0000000,99,99,99,99,88,88,14,0,0,1,0
12,120409,3,3,0,0,0,4,4,99,2431,3,1,2016,1,19,29,1,2,3,1,3,SR-811,HOOD RD,99998,26.86410556,-80.095772220000,0,12,6,0,2,2,0,1,3,2,0,2,0,0000000,99,99,99,99,99,99,0,0,0,1,0
12,120410,2,2,0,1,1,2,2,61,0,1,1,2016,6,21,0,0,6,96,96,5,20TH AVE,,99998,27.60130556,-80.405927780000,0,8,0,0,1,1,0,1,3,1,0,1,0,0000000,99,99,99,99,88,88,19,0,0,1,0
12,120411,1,1,0,1,1,1,1,86,0,4,1,2016,2,4,58,0,2,7,25,6,199TH ST,,99998,25.95341667,-80.297911110000,0,33,0,0,1,1,0,3,2,1,0,1,0,0000000,99,99,99,99,99,99,0,0,0,1,0
12,120413,1,1,0,1,1,1,1,31,1510,2,1,2016,7,17,50,1,2,3,1,3,SR-10,1600 SAN MATEO RD,99998,30.30527778,-81.633888890000,0,9,0,0,3,2,0,1,3,1,0,1,0,0000000,99,99,99,99,99,99,0,0,0,1,0
12,120414,1,1,0,1,1,1,1,61,0,4,1,2016,2,12,8,0,2,7,25,6,OLD DIXIE HIGHWAY,,99998,27.58027778,-80.378333330000,0,8,0,0,1,1,0,2,1,1,0,1,0,0000000,99,99,99,99,88,88,0,0,0,1,0
12,120415,1,1,0,1,1,1,1,89,0,1,1,2016,6,22,9,1,1,3,1,2,US-17,,99998,30.71533611,-81.674644440000,0,8,0,0,1,1,0,1,2,10,0,10,0,0000000,99,99,99,99,88,88,0,0,0,1,0
12,120416,1,1,0,0,0,1,1,127,2580,28,1,2016,5,1,9,0,2,5,25,5,MADELINE AVE,RED PONTIAC DR,99998,29.14341944,-81.018500000000,0,33,0,0,3,3,0,4,3,2,0,2,0,0000000,99,99,99,99,99,99,0,0,0,1,0
12,120417,1,1,0,1,1,3,3,69,0,8,1,2016,6,19,5,0,2,6,25,5,WOLF BRANCH ROAD,,23,28.81508889,-81.589638890000,0,8,0,0,1,1,0,1,2,10,0,10,0,0000000,99,99,99,99,99,99,0,0,0,1,0
12,120418,1,1,0,1,1,2,2,69,0,1,1,2016,6,0,34,0,1,4,2,4,CR-44A,,99998,28.87694444,-81.556388890000,0,8,0,0,1,1,0,1,2,5,0,5,0,0000000,99,99,99,99,88,88,0,0,0,1,0
12,120419,1,1,0,1,1,1,1,109,0,7,1,2016,5,13,17,1,2,3,1,2,US-1,,99998,29.96583333,-81.350833330000,0,8,0,0,1,1,0,2,1,10,0,10,0,0000000,99,99,99,99,99,99,0,0,0,1,0
12,120420,1,1,0,1,1,6,6,81,0,3,1,2016,1,20,4,1,2,3,1,2,US-41,,99998,27.45278889,-82.575369440000,0,8,0,0,1,1,0,1,2,2,0,2,0,0000000,99,99,99,99,88,88,0,0,0,1,0
12,120421,1,1,0,0,0,1,1,129,0,24,1,2016,1,2,40,0,2,4,1,3,SR-363,,99998,30.25277778,-84.234444440000,0,53,0,0,1,1,0,5,3,1,0,1,0,0000000,99,99,99,99,99,99,0,0,0,1,1
12,120422,3,3,0,0,0,6,6,53,0,10,1,2016,1,12,24,0,1,5,25,5,MARINER BLVD,,99998,28.49263333,-82.540622220000,0,12,2,0,8,1,0,1,1,1,0,1,0,0000000,99,99,99,99,99,99,0,0,0,1,0
12,120423,1,1,0,1,1,2,2,11,1927,5,1,2016,3,19,38,1,2,3,1,3,SR-814,,99998,26.23524722,-80.211805560000,0,8,0,0,1,1,0,1,3,1,0,1,0,0000000,99,99,99,99,99,99,0,0,0,1,0
12,120424,1,1,0,0,0,1,1,95,0,8,1,2016,6,21,54,0,2,5,25,5,COMMERCE BLVD,,99998,28.56843056,-81.303416670000,0,32,0,0,1,1,0,5,2,1,0,1,0,0000000,99,99,99,99,99,99,0,0,0,1,0
12,120425,1,1,0,1,1,1,1,31,1510,30,1,2016,7,20,20,0,2,5,25,5,MONUMENT AND COBBLESTONE PARKW,MONUMENT AND COBBLESTONE PARKW,99998,30.36036389,-81.502941670000,0,8,0,1,3,2,0,1,3,1,0,1,0,0000000,99,99,99,99,99,99,0,0,0,1,0
12,120426,1,1,0,0,0,2,2,99,0,16,1,2016,7,8,15,0,6,96,96,8,DH-21 DIRT RD,,99998,26.65309722,-80.740466670000,0,1,0,0,1,1,0,4,1,5,0,5,0,0000000,99,99,99,99,88,88,0,0,0,2,0
12,120427,1,1,0,1,1,1,1,57,0,2,1,2016,7,0,5,1,2,3,1,2,US-41 SR-45,,99998,27.83953889,-82.381630560000,0,8,0,0,1,1,0,1,3,1,0,1,0,0000000,99,99,99,99,88,88,0,0,0,1,1
12,120428,1,1,0,1,1,1,1,33,0,1,1,2016,6,0,6,1,2,3,1,2,US-90 SR-10A MOBILE HWY,,99998,30.42361111,-87.260555560000,0,9,0,0,1,1,0,1,2,2,0,2,0,0000000,99,99,99,99,88,88,0,0,0,1,0
12,120429,1,1,0,1,1,1,1,81,0,2,1,2016,7,10,15,1,2,3,1,2,US-41,,99998,27.39648056,-82.563261110000,0,43,0,0,1,1,0,4,1,2,0,2,0,0000000,99,99,99,99,99,99,0,0,0,1,0
12,120430,1,1,0,1,1,1,1,81,0,8,1,2016,6,11,39,0,2,6,25,5,6160 14TH ST,,99998,27.43148056,-82.576672220000,0,15,0,0,8,1,0,1,1,10,0,10,0,0000000,99,99,99,99,99,99,0,0,0,1,0
12,120431,1,1,0,1,1,2,2,109,0,1,2,2016,2,18,30,0,2,4,1,3,SR-A1A,,99998,29.81715000,-81.269113890000,0,8,0,0,1,1,0,1,3,1,0,1,0,0000000,99,99,99,99,99,99,0,0,0,1,0
12,120433,3,3,0,1,1,5,5,86,0,17,1,2016,1,0,0,0,2,4,1,3,SR-934 NW 79TH ST,NW 14TH CT,99998,25.84661944,-80.222000000000,0,8,0,0,2,3,0,1,3,1,0,1,0,0000000,99,99,99,99,88,88,0,0,0,1,0
12,120434,1,1,0,1,1,2,2,115,2235,9,1,2016,7,21,51,1,1,3,1,2,US-41,,99998,27.04680833,-82.320766670000,0,9,0,0,1,1,0,1,2,2,0,2,0,0000000,99,99,99,99,99,99,0,0,0,1,0
12,120435,1,1,0,1,1,1,1,35,0,12,1,2016,3,19,45,0,1,5,25,5,MAHOGANY BLVD,,99998,29.45944444,-81.413333330000,0,8,0,0,1,1,0,1,2,1,0,1,0,0000000,99,99,99,99,88,88,0,0,0,1,0
12,120436,1,1,0,1,1,1,1,71,0,27,1,2016,4,6,7,1,1,3,1,3,SR-867,IONA RD,99998,26.52001111,-81.941780560000,0,8,0,0,3,2,0,1,2,10,0,10,0,0000000,99,99,99,99,99,99,0,0,0,1,0
12,120437,1,1,0,2,2,1,1,86,2020,20,1,2016,4,5,10,1,2,3,1,3,SR-112,,99998,25.76578889,-80.246216670000,0,8,0,0,1,1,0,1,2,1,0,1,0,0000000,99,99,99,99,99,99,19,23,0,1,0
12,120438,1,1,0,1,1,1,1,115,0,24,1,2016,1,22,15,1,2,3,1,2,US-41,,99998,27.24988889,-82.513691670000,0,8,0,0,1,1,0,1,3,1,0,1,0,0000000,99,99,99,99,99,99,0,0,0,1,0
12,120439,1,1,0,1,1,1,1,95,0,10,1,2016,1,22,15,0,2,4,25,4,CR-431,,99998,28.59243056,-81.451516670000,0,8,0,0,1,1,0,1,3,1,0,1,0,0000000,99,99,99,99,88,88,0,0,0,1,0
12,120440,1,1,0,1,1,4,4,103,0,7,1,2016,5,20,47,1,1,3,1,3,SR-688,,99998,27.89444444,-82.690833330000,0,8,0,0,1,1,0,1,3,1,0,1,0,0000000,99,99,99,99,99,99,0,0,0,1,0
12,120441,2,2,0,0,0,2,2,71,0,17,1,2016,1,14,29,1,1,3,1,3,SR-867,865GLADIOLUS DR,99998,26.51584722,-81.943836110000,0,12,2,0,2,2,0,1,1,1,0,1,0,0000000,99,99,99,99,99,99,0,0,0,1,1
12,120442,2,2,0,0,0,3,3,69,2130,7,2,2016,1,11,5,0,2,5,25,5,LIMIT AVE,US 441,99998,28.81520833,-81.628897220000,0,12,6,0,3,2,0,1,1,1,0,1,0,0000000,99,99,99,99,99,99,0,0,0,1,0
12,120443,2,2,0,0,0,3,3,86,2230,28,1,2016,5,6,22,1,2,3,1,2,US-1,,99998,25.93405556,-80.151205560000,0,12,6,0,8,1,0,1,3,1,0,1,0,0000000,99,99,99,99,99,99,0,0,0,1,0
12,120444,1,1,0,1,1,1,1,21,0,21,1,2016,5,22,25,0,1,5,25,5,OAKES BLVD,STANDING OAKS LN,99998,26.25714167,-81.734755560000,0,8,0,0,2,2,0,1,3,10,0,10,0,0000000,99,99,99,99,99,99,0,0,0,1,0
12,120445,1,1,0,1,1,2,2,97,0,1,2,2016,2,0,29,1,1,3,1,2,US-192,,99998,28.20667778,-81.170977780000,0,8,0,0,1,1,0,1,2,1,0,1,0,0000000,99,99,99,99,88,88,0,0,0,1,0
12,120446,1,1,0,1,1,1,1,101,0,1,1,2016,6,20,13,1,2,3,1,2,US-19,SCENIC DR,99998,28.29805556,-82.706944440000,0,9,0,0,3,2,0,1,3,1,0,1,0,0000000,20,14,20,19,99,99,0,0,0,1,0
12,120447,1,1,0,1,1,1,1,101,0,7,1,2016,5,20,27,1,1,2,1,2,US-19,,99998,28.18549167,-82.740111110000,0,8,0,0,1,1,0,1,3,1,0,1,0,0000000,99,99,99,99,88,88,0,0,0,1,0
12,120448,1,1,0,1,1,1,1,99,1760,15,1,2016,6,22,14,0,2,6,25,5,HYPOLUXO ROAD,,99998,26.57215556,-80.065580560000,0,8,0,0,1,1,0,1,3,1,0,1,0,0000000,99,99,99,99,88,88,0,0,0,1,0
12,120449,1,1,0,1,1,1,1,97,2700,31,1,2016,1,3,20,1,2,3,1,3,SR-500,BROWN CHAPEL RD,99998,28.24925556,-81.310222220000,0,8,0,0,3,2,0,1,2,1,0,1,0,0000000,99,99,99,99,88,88,0,0,0,1,0
12,120451,1,1,0,1,1,1,1,31,1510,13,2,2016,7,7,30,1,2,3,1,2,US-90,PALMER TERR,99998,30.30416667,-81.632222220000,0,15,0,1,2,3,0,1,1,1,0,1,0,0000000,99,99,99,99,88,88,0,0,0,1,0
12,120453,1,1,0,0,0,2,2,55,0,3,2,2016,4,11,30,1,2,3,1,2,US-27,,99998,27.49616667,-81.487563890000,0,1,0,0,1,1,0,1,1,1,0,1,0,0000000,99,99,99,99,99,99,0,0,0,1,0
12,120454,1,1,0,1,1,1,1,9,0,12,2,2016,6,22,37,1,2,3,1,2,US-1,,99998,28.49694444,-80.780277780000,0,8,0,0,1,1,0,1,2,1,0,1,0,0000000,99,99,99,99,88,88,0,0,0,1,0
12,120455,1,1,0,1,1,1,1,81,0,2,2,2016,3,8,7,1,1,3,1,3,SR-64,GREYHAWK BLVD,99998,27.48412222,-82.412802780000,0,8,0,0,3,2,0,1,1,5,0,5,0,0000000,99,99,99,99,88,88,0,0,0,1,0
12,120456,2,2,0,1,1,2,2,99,0,19,1,2016,3,22,34,1,1,3,1,3,SR-809,,99998,26.66863889,-80.112522220000,0,8,0,0,1,1,0,1,3,1,0,1,0,0000000,99,99,99,99,99,99,0,0,0,1,1