STATE,ST_CASE,VE_TOTAL,VE_FORMS,PVH_INVL,PEDS,PERNOTMVIT,PERMVIT,PERSONS,COUNTY,CITY,DAY,MONTH,YEAR,DAY_WEEK,HOUR,MINUTE,NHS,RUR_URB,FUNC_SYS,RD_OWNER,ROUTE,TWAY_ID,TWAY_ID2,MILEPT,LATITUDE,LONGITUD,SP_JUR,HARM_EV,MAN_COLL,RELJCT1,RELJCT2,TYP_INT,WRK_ZONE,REL_ROAD,LGT_COND,WEATHER1,WEATHER2,WEATHER,SCH_BUS,RAIL,NOT_HOUR,NOT_MIN,ARR_HOUR,ARR_MIN,HOSP_HR,HOSP_MN,CF1,CF2,CF3,FATALS,DRUNK_DR
12,120571,1,1,0,1,1,1,1,103,2530,9,3,2016,4,11,43,1,2,3,1,3,SR-694,,99998,27.83909444,-82.726005560000,0,8,0,0,1,1,0,1,1,1,0,1,0,0000000,99,99,99,99,99,99,0,0,0,1,0
12,120572,1,1,0,0,0,1,1,11,2219,13,1,2016,4,22,33,0,2,5,25,5,81ST AV,,99998,26.20631944,-80.236430560000,0,1,0,0,1,1,0,4,3,1,0,1,0,0000000,99,99,99,99,99,99,0,0,0,1,1
12,120573,3,3,0,0,0,3,3,11,2570,15,1,2016,6,17,20,1,2,3,1,2,US-1,,99998,26.23781944,-80.102658330000,0,12,1,0,1,1,0,1,1,10,0,10,0,0000000,99,99,99,99,99,99,0,0,0,1,0
12,120574,1,1,0,1,1,2,2,11,2570,15,1,2016,6,23,55,1,2,3,1,3,SR-814,12TH AVE,99998,26.23155556,-80.137975000000,0,8,0,1,3,2,0,1,3,1,0,1,0,0000000,99,99,99,99,88,88,0,0,0,1,0
12,120575,1,1,0,1,1,1,1,11,2570,19,1,2016,3,5,50,0,2,5,25,5,E COPANS RD,,99998,26.25928056,-80.115530560000,0,8,0,0,1,1,0,1,2,1,0,1,0,0000000,99,99,99,99,88,88,0,0,0,1,0
12,120576,1,1,0,1,1,1,1,11,2570,31,1,2016,1,20,12,0,2,5,25,5,3RD AV,29TH ST,99998,26.26657222,-80.119208330000,0,8,0,0,2,3,0,1,3,1,0,1,0,0000000,99,99,99,99,99,99,0,0,0,1,0
12,120577,1,1,0,1,1,1,1,11,1781,2,2,2016,3,6,40,1,1,2,1,2,US-441,,99998,26.17583889,-80.203413890000,0,8,0,0,1,1,0,1,4,1,0,1,0,0000000,99,99,99,99,88,88,0,0,0,1,0
12,120578,1,1,0,1,1,1,1,11,3193,7,2,2016,1,14,53,0,2,7,25,5,SADDLE CLUB RD,INDIAN TRACE,99998,26.11678889,-80.394150000000,0,8,0,0,3,2,0,1,1,1,0,1,0,0000000,99,99,99,99,99,99,0,0,0,1,0
12,120579,1,1,0,1,1,1,1,11,1781,17,2,2016,4,5,30,1,2,3,1,3,SR-7,,99998,26.17595833,-80.203511110000,0,8,0,0,1,1,0,1,3,1,0,1,0,0000000,99,99,99,99,99,99,0,0,0,1,0
12,120580,1,1,0,1,1,1,1,11,2260,17,2,2016,4,22,40,1,2,3,1,3,SR-816,16TH AV NE,99998,26.16688333,-80.126141670000,0,9,0,0,2,2,0,1,3,1,0,1,0,0000000,99,99,99,99,99,99,0,0,0,1,0
12,120581,1,1,0,1,1,1,1,11,2457,3,3,2016,5,18,35,0,2,7,25,6,HILLSBORO BLVD,,99998,26.33078333,-80.218561110000,0,9,0,0,1,1,0,1,2,1,0,1,0,0000000,99,99,99,99,88,88,0,0,0,1,0
12,120582,2,1,1,2,2,1,1,11,2260,7,3,2016,2,9,36,1,1,3,1,3,SR-811,NE 56TH ST,99998,26.19606111,-80.132483330000,0,8,0,0,3,2,0,4,1,1,0,1,0,0000000,99,99,99,99,99,99,14,0,0,1,0
12,120583,1,1,0,1,1,3,3,11,2570,10,3,2016,5,19,21,1,2,3,1,2,US-1,10TH ST,99998,26.24317778,-80.102108330000,0,9,0,0,2,2,0,1,3,1,0,1,0,0000000,99,99,99,99,99,99,0,0,0,1,0
12,120584,1,1,0,1,1,1,1,11,2570,20,3,2016,1,19,59,1,2,3,1,3,SR-834,,99998,26.27475278,-80.138916670000,0,8,0,0,1,1,0,1,3,1,0,1,0,0000000,99,99,99,99,99,99,0,0,0,1,0
12,120585,1,1,0,1,1,1,1,99,3190,28,1,2016,5,20,2,1,2,3,1,3,SR-882,,99998,26.65533333,-80.062958330000,0,8,0,0,1,1,0,1,3,2,0,2,0,0000000,99,99,99,99,99,99,0,0,0,1,0
12,120587,2,2,0,0,0,3,3,105,0,4,1,2016,2,17,40,1,1,2,3,2,US-92,LYNCHBURG RD,99998,28.06774444,-81.751513890000,0,12,6,1,2,3,0,1,5,1,0,1,0,0000000,99,99,99,99,99,99,0,0,0,1,1
12,120588,1,1,0,0,0,1,1,105,0,15,2,2016,2,15,48,0,6,96,96,8,CAMP MACK RD,,99998,27.93688333,-81.432644440000,0,38,0,0,1,1,0,5,1,1,0,1,0,0000000,99,99,99,99,88,88,0,0,0,1,1
12,120589,1,1,0,0,0,1,1,105,0,7,3,2016,2,16,13,1,1,3,1,3,SR-60,,99998,27.90401389,-81.846250000000,0,34,0,0,1,1,0,4,1,1,0,1,0,0000000,99,99,99,99,99,99,0,0,0,1,0
12,120590,1,1,0,1,1,1,1,86,2023,6,2,2016,7,23,20,0,2,7,25,6,154TH ST,,99998,25.91484444,-80.235313890000,0,8,0,0,1,1,0,1,3,2,0,2,0,0000000,99,99,99,99,99,99,0,0,0,1,0
12,120591,1,1,0,0,0,1,1,127,825,3,2,2016,4,0,56,0,2,7,25,6,PROVIDENCE BLVD,,99998,28.91916667,-81.221611110000,0,59,0,0,1,1,0,4,3,10,0,10,0,0000000,99,99,99,99,88,88,0,0,0,1,1
12,120592,1,1,0,1,1,1,1,103,2730,26,1,2016,3,21,22,0,2,5,25,5,31ST ST,26TH AVE,99998,27.74472222,-82.675277780000,0,15,0,0,2,2,0,1,3,10,0,10,0,0000000,99,99,99,99,88,88,0,0,0,1,0
12,120593,1,1,0,1,1,1,1,103,2730,28,2,2016,1,15,53,1,2,3,1,2,US-19,,99998,27.75601667,-82.679325000000,0,8,0,0,1,1,0,1,1,1,0,1,0,0000000,99,99,99,99,99,99,0,0,0,1,0
12,120594,1,1,0,1,1,3,3,103,2730,3,3,2016,5,3,53,0,2,7,25,6,18TH AVE,,99998,27.75207222,-82.661661110000,0,8,0,0,1,1,0,1,3,1,0,1,0,0000000,99,99,99,99,99,99,0,0,0,1,0
12,120595,1,1,0,1,1,1,1,97,1590,20,2,2016,7,22,14,0,2,3,25,4,CR-525,,22,28.32451111,-81.416205560000,0,8,0,0,1,1,0,1,2,1,0,1,0,0000000,99,99,99,99,99,99,0,0,0,1,0
12,120596,3,3,0,0,0,3,3,97,1590,16,3,2016,4,7,34,0,2,5,25,5,THACKER AVE,,99998,28.28652500,-81.424247220000,0,59,0,0,1,1,4,4,1,1,0,1,0,0000000,99,99,99,99,99,99,0,0,0,1,0
12,120597,1,1,0,1,1,1,1,99,330,29,2,2016,2,15,13,0,2,7,25,6,SUMMIT DR,COCONUT LN,99998,26.48957500,-80.110902780000,0,8,0,0,2,3,0,1,1,1,0,1,0,0000000,99,99,99,99,99,99,0,0,0,1,0
12,120598,4,4,0,0,0,6,6,95,2360,4,3,2016,6,16,32,0,2,5,25,6,TRADEPORT DR,CENTERPORT ST,99998,28.43038056,-81.334633330000,0,12,6,0,2,2,0,1,1,1,0,1,0,0000000,99,99,99,99,99,99,0,0,0,1,0
12,120599,2,2,0,1,1,2,2,95,2360,4,3,2016,6,0,26,1,2,3,1,3,SR-50,,99998,28.55313611,-81.379208330000,0,15,0,0,1,1,0,1,3,1,0,1,0,0000000,99,99,99,99,99,99,0,0,0,1,0
12,120600,1,1,0,1,1,1,1,11,2916,9,3,2016,4,13,56,0,2,7,25,6,29TH MNR,122ND AVE,99998,26.16257500,-80.311036110000,0,8,0,0,8,1,0,4,1,1,0,1,0,0000000,99,99,99,99,99,99,0,0,0,1,0
12,120602,1,1,0,1,1,3,3,127,780,6,3,2016,1,19,11,1,2,3,1,3,SR-5A,,99998,29.22229167,-81.048711110000,0,8,0,0,1,1,0,1,1,1,0,1,0,0000000,99,99,99,99,88,88,0,0,0,1,0
12,120603,1,1,0,1,1,2,2,86,0,12,3,2016,7,20,39,0,2,4,1,3,SR-916,,99998,25.89899167,-80.195766670000,0,8,0,0,1,1,0,1,3,1,0,1,0,0000000,99,99,99,99,99,99,0,0,0,1,0
12,120604,1,1,0,1,1,1,1,85,0,25,3,2016,6,14,0,0,1,7,25,6,KANNER HWY,SR-76,99998,27.00964722,-80.460347220000,0,9,0,0,8,1,0,1,1,10,0,10,0,0000000,99,99,99,99,99,99,0,0,0,1,0
12,120605,1,1,0,1,1,1,1,57,0,26,3,2016,7,0,49,1,2,3,1,3,SR-597,,99998,28.07717222,-82.506752780000,0,8,0,0,1,1,0,1,3,10,0,10,0,0000000,99,99,99,99,88,88,0,0,0,1,0
12,120606,1,1,0,1,1,1,1,86,2230,27,3,2016,1,20,17,0,2,5,25,5,10TH AVE,,99998,25.93841944,-80.180552780000,0,8,0,0,1,1,0,1,3,1,0,1,0,0000000,99,99,99,99,99,99,0,0,0,1,0
12,120607,1,1,0,1,1,1,1,109,2690,31,3,2016,5,7,58,1,2,3,1,3,SR-A1A,MENENDEZ DRIVE,99998,29.89006111,-81.294386110000,0,15,0,1,3,3,0,1,1,1,0,1,0,0000000,99,99,99,99,99,99,0,0,0,1,0
12,120608,1,1,0,1,1,5,5,11,1050,14,3,2016,2,20,49,1,2,3,1,3,SR-A1A,MIAMI RD,99998,26.08918056,-80.136319440000,0,8,0,0,2,3,0,1,3,1,0,1,0,0000000,99,99,99,99,88,88,0,0,0,1,0
12,120609,1,1,0,1,1,0,0,103,1481,9,3,2016,4,16,0,0,2,5,25,5,197TH AVE,,99998,27.85717778,-82.845538890000,0,8,0,0,1,1,0,5,1,1,0,1,0,0000000,99,99,99,99,88,88,0,0,0,1,0
12,120610,1,1,0,1,1,3,3,57,2950,18,3,2016,6,22,48,1,2,3,1,3,SR-574,17TH ST,99998,27.98154167,-82.440088890000,0,8,0,0,2,2,0,1,2,1,0,1,0,0000000,99,99,99,99,88,88,0,0,0,1,0
12,120611,1,1,0,1,1,1,1,105,1690,22,3,2016,3,21,27,1,2,3,1,2,US-98,,99998,28.07755000,-81.962400000000,0,8,0,0,1,1,0,1,3,1,0,1,0,0000000,99,99,99,99,99,99,0,0,0,1,0
12,120612,1,1,0,1,1,1,1,117,480,26,3,2016,7,23,25,1,2,3,1,3,SR-436,,99998,28.62591111,-81.316219440000,0,8,0,0,1,1,0,1,3,2,0,2,0,0000000,99,99,99,99,99,99,0,0,0,1,0
12,120614,1,1,0,1,1,1,1,115,2780,27,1,2016,4,0,56,1,2,2,1,2,US-301,,99998,27.35726389,-82.530397220000,0,8,0,0,1,1,0,1,3,2,0,2,0,0000000,99,99,99,99,99,99,0,0,0,1,0
12,120615,1,1,0,1,1,1,1,86,2010,2,4,2016,7,5,40,1,2,3,1,3,SR-934,NW 7TH AVE,99998,25.84706944,-80.209152780000,0,15,0,0,3,2,0,1,4,1,0,1,0,0000000,99,99,99,99,99,99,0,0,0,1,0
12,120616,1,1,0,1,1,1,1,115,2780,31,1,2016,1,18,49,1,2,3,1,2,US-301,,99998,27.34258056,-82.531002780000,0,9,0,0,1,1,0,2,3,1,0,1,0,0000000,99,99,99,99,99,99,0,0,0,1,0
12,120617,1,1,0,1,1,1,1,95,2360,31,3,2016,5,21,35,1,2,3,1,3,SR-438,,99998,28.57808611,-81.441013890000,0,8,0,0,1,1,0,1,2,1,0,1,0,0000000,99,99,99,99,88,88,0,0,0,1,0
12,120618,1,1,0,1,1,1,1,31,1510,7,4,2016,5,6,25,0,1,7,25,6,MATTHEW UNGER DR,,99998,30.33450000,-81.485300000000,0,8,0,0,1,1,0,1,2,10,0,10,0,0000000,99,99,99,99,99,99,0,0,0,1,0
12,120619,1,1,0,1,1,2,2,73,2940,3,4,2016,1,21,35,0,1,5,25,5,THARPE ST,,99998,30.46541389,-84.333550000000,0,8,0,0,1,1,0,1,3,1,0,1,0,0000000,99,99,99,99,99,99,0,0,0,1,0
12,120620,2,2,0,0,0,3,3,86,2010,7,4,2016,5,9,51,1,2,3,1,3,SR-9,14 STREET,99998,25.78686389,-80.239519440000,0,12,6,0,2,2,0,1,1,1,0,1,0,0000000,99,99,99,99,88,88,0,0,0,1,0
12,120621,3,3,0,0,0,3,3,61,0,23,3,2016,4,10,50,0,2,6,25,5,OSLO RD,66TH AVENUE,99998,27.58763056,-80.463450000000,0,12,6,0,2,2,0,1,1,10,0,10,0,0000000,99,99,99,99,99,99,0,0,0,1,0
12,120622,2,2,0,0,0,2,2,115,2235,4,4,2016,2,16,19,0,1,5,25,5,PANACEA BLVD,,99998,27.08451667,-82.119836110000,0,12,99,0,1,1,0,2,1,1,0,1,0,0000000,99,99,99,99,99,99,0,0,0,1,0
12,120623,2,2,0,0,0,3,3,11,1826,1,4,2016,6,20,20,1,2,3,1,2,US-1,25 ST,99998,26.26259444,-80.099163890000,0,12,6,1,2,3,0,1,2,1,0,1,0,0000000,99,99,99,99,99,99,0,0,0,1,0
12,120624,2,2,0,0,0,2,2,71,1070,31,3,2016,5,13,15,1,2,3,1,3,SR-82,FLINT DR,99998,26.64131389,-81.832722220000,0,12,6,0,2,3,0,1,1,1,0,1,0,0000000,99,99,99,99,99,99,0,0,0,1,0
12,120625,1,1,0,0,0,1,1,99,290,25,3,2016,6,5,34,1,2,1,1,1,I-95 RAMP,,99998,26.39453056,-80.093338890000,0,18,0,1,5,1,4,4,3,10,0,10,0,0000000,99,99,99,99,88,88,0,0,0,1,1
12,120626,1,1,0,0,0,1,1,81,0,28,3,2016,2,4,35,1,1,1,1,1,I-75,I-275,99998,27.44694444,-82.497777780000,0,21,0,1,3,4,0,4,3,1,0,1,0,0000000,99,99,99,99,88,88,0,0,0,1,0
12,120627,1,1,0,0,0,1,1,86,0,21,3,2016,2,0,10,1,2,3,1,3,SR-874,SR-990,99998,25.64382500,-80.335750000000,0,25,0,1,3,3,0,3,3,2,0,2,0,0000000,99,99,99,99,88,88,0,0,0,1,1
12,120628,1,1,0,0,0,1,1,97,0,3,4,2016,1,12,58,0,2,6,25,5,DEER PARK ROAD,,99998,28.10116944,-80.897911110000,0,34,0,0,1,1,0,4,1,1,0,1,0,0000000,99,99,99,99,88,88,0,0,0,1,1
12,120629,2,2,0,0,0,3,3,75,0,28,3,2016,2,7,0,1,1,3,1,2,US-19,,99998,29.41696944,-82.823219440000,0,12,1,0,1,1,0,1,4,10,0,10,0,0000000,99,99,99,99,99,99,0,0,0,2,0
12,120630,1,1,0,0,0,1,1,71,0,27,3,2016,1,14,30,1,1,1,1,1,I-75,,99998,26.40299722,-81.772555560000,0,1,0,0,1,1,0,4,1,1,0,1,0,0000000,99,99,99,99,88,88,0,0,0,1,1
12,120631,1,1,0,0,0,1,1,127,0,30,3,2016,4,13,40,0,2,6,25,5,S GLENCOE ROAD,GLENHAVEN STREET,99998,28.99598889,-80.966861110000,0,30,0,0,1,1,0,4,1,1,0,1,0,0000000,99,99,99,99,88,88,0,0,0,1,1
12,120632,2,2,0,0,0,3,3,3,0,1,4,2016,6,21,30,0,1,4,25,4,CR-125,ODIS YARBOROUGH RD,99998,30.33903889,-82.196436110000,0,12,2,0,3,3,0,1,2,10,0,10,0,0000000,99,99,99,99,99,99,0,0,0,1,0
12,120633,2,2,0,0,0,2,2,71,0,15,3,2016,3,23,15,0,2,6,25,5,SUMMERLIN RD,JOHN MORRIS RD,99998,26.49379167,-81.967888890000,0,12,6,0,2,2,0,1,3,1,0,1,0,0000000,99,99,99,99,99,99,0,0,0,1,1
12,120634,2,2,0,0,0,2,2,127,0,3,4,2016,1,1,20,1,2,3,1,2,US-92,,99998,29.06243333,-81.265030560000,0,12,1,0,1,1,0,1,2,1,0,1,0,0000000,99,99,99,99,99,99,0,0,0,1,1
12,120635,2,2,0,0,0,2,2,1,0,7,4,2016,5,7,29,1,1,3,1,3,SR-24,90TH STREET,99998,29.75215278,-82.219097220000,0,12,6,0,1,1,0,1,1,10,0,10,0,0000000,99,99,99,99,88,88,0,0,0,1,0
12,120636,3,3,0,0,0,6,6,127,0,5,4,2016,3,12,21,1,2,3,1,3,SR-44,CR-4053,24,29.02671667,-81.346633330000,0,12,6,1,2,2,0,1,1,1,0,1,0,0000000,99,99,99,99,88,88,0,0,0,4,0
12,120637,2,2,0,0,0,2,2,131,0,8,4,2016,6,14,29,1,1,3,1,3,SR-20,,99998,30.51043333,-86.198416670000,0,12,2,0,1,1,0,1,1,1,0,1,0,0000000,99,99,99,99,99,99,0,0,0,1,1
12,120638,1,1,0,1,1,1,1,115,0,31,3,2016,5,21,33,1,1,1,1,1,I-75,,99998,27.09867778,-82.133605560000,0,8,0,0,1,1,4,1,2,1,0,1,0,0000000,99,99,99,99,88,88,0,0,0,1,0
12,120639,2,2,0,0,0,2,2,81,0,9,4,2016,7,10,55,1,2,3,1,2,US-41,ORLANDO AVE,99998,27.45836111,-82.575350000000,0,12,6,1,2,2,0,1,1,1,0,1,0,0000000,99,99,99,99,99,99,0,0,0,1,0
12,120640,2,2,0,0,0,3,3,81,0,3,4,2016,1,2,12,1,2,3,1,2,US-41,,99998,27.39776389,-82.563511110000,0,1,0,0,1,1,0,1,3,1,0,1,0,0000000,99,99,99,99,88,88,0,0,0,1,1
12,120641,2,2,0,1,1,2,2,95,0,29,3,2016,3,20,31,1,2,3,1,2,US-441,,99998,28.61367500,-81.433655560000,0,8,0,0,1,1,0,1,2,2,0,2,0,0000000,99,99,99,99,99,99,0,0,0,1,0
12,120642,1,1,0,1,1,1,1,97,0,6,4,2016,4,6,23,1,1,2,1,2,US-17,PLEASANT HILL RD,99998,28.26056944,-81.436252780000,0,8,0,1,3,2,0,1,2,1,0,1,0,0000000,99,99,99,99,99,99,0,0,0,1,0
12,120643,2,2,0,0,0,2,2,33,0,10,4,2016,1,15,15,0,1,7,25,4,CR-182,ANGUS LANE,99998,30.71750000,-87.370000000000,0,12,6,0,8,1,0,1,1,1,0,1,0,0000000,99,99,99,99,88,88,0,0,0,1,0
12,120644,2,2,0,0,0,2,2,97,0,5,4,2016,3,9,45,1,2,3,1,2,US-192,INTERNATIONAL DR,99998,28.33291111,-81.521011110000,0,12,7,1,2,3,0,1,1,1,0,1,0,0000000,99,99,99,99,99,99,0,0,0,1,0
12,120645,2,2,0,0,0,2,2,57,0,4,4,2016,2,20,35,1,2,3,1,2,US-41,TOWAWAY AVE,99998,27.91638889,-82.402186110000,0,12,6,1,3,2,0,1,2,1,0,1,0,0000000,99,99,99,99,88,88,0,0,0,1,1
12,120646,1,1,0,0,0,1,1,91,0,4,4,2016,2,21,0,0,2,6,25,5,LAKE SILVER RD,CRICKET LN,99998,30.82401111,-86.575111110000,0,1,0,0,3,2,0,4,2,1,0,1,0,0000000,99,99,99,99,99,99,0,0,0,1,1
12,120647,1,1,0,1,1,1,1,31,1510,13,4,2016,4,21,29,1,2,3,1,2,US-1,,99998,30.35938056,-81.653672220000,0,8,0,0,1,1,0,1,3,10,0,10,0,0000000,99,99,99,99,99,99,0,0,0,1,0
12,120648,2,2,0,0,0,3,3,81,2440,10,4,2016,1,20,24,1,2,3,1,2,US-301 N,,99998,27.48761389,-82.562983330000,0,12,1,0,1,1,4,1,3,1,0,1,0,0000000,99,99,99,99,88,88,0,0,0,1,0
12,120649,3,3,0,0,0,4,4,11,2916,9,4,2016,7,1,25,0,2,6,25,5,HIATUS RD,44TH ST,99998,26.17906667,-80.290852780000,0,12,6,0,2,2,0,1,3,1,0,1,0,0000000,99,99,99,99,99,99,0,0,0,1,0
12,120650,1,1,0,1,1,1,1,63,1930,24,3,2016,5,16,48,1,2,3,1,2,US-90,,99998,30.78210000,-85.246480560000,0,9,0,0,1,1,0,1,1,10,0,10,0,0000000,99,99,99,99,99,99,0,0,0,1,0
12,120651,3,3,0,0,0,5,5,95,2360,5,4,2016,3,22,35,1,2,3,25,6,JOHN YOUNG PKWY,,99998,28.37251111,-81.425900000000,0,12,1,0,1,1,0,1,6,1,0,1,0,0000000,99,99,99,99,99,99,0,0,0,1,1
12,120652,1,1,0,1,1,2,2,95,0,27,3,2016,1,8,21,1,2,3,1,2,US-17,,99998,28.49738056,-81.396986110000,0,8,0,0,1,1,0,1,1,1,0,1,0,0000000,99,99,99,99,99,99,0,0,0,1,0
12,120654,2,2,0,0,0,2,2,57,2950,1,4,2016,6,21,55,1,2,3,1,3,SR-580,HESPERIDES ST,86,27.99617778,-82.519747220000,0,12,6,0,7,1,0,1,3,10,0,10,0,0000000,99,99,99,99,88,88,0,0,0,1,1
12,120655,2,2,0,0,0,2,2,105,0,18,3,2016,6,20,19,1,1,2,1,2,US-92,,99998,28.04825278,-81.922200000000,0,12,1,0,7,1,0,1,2,1,0,1,0,0000000,99,99,99,99,88,88,0,0,0,1,1
12,120656,1,1,0,1,1,1,1,103,570,4,4,2016,2,20,36,1,2,3,1,3,SR-60,,99998,27.96069444,-82.709841670000,0,8,0,0,1,1,0,1,2,1,0,1,0,0000000,99,99,99,99,99,99,0,0,0,1,0
12,120658,3,2,1,0,0,3,3,11,1420,21,3,2016,2,19,0,0,2,4,1,3,SR-822,25TH AV,31,26.03345833,-80.157455560000,0,12,6,0,2,2,0,1,1,1,0,1,0,0000000,99,99,99,99,88,88,14,0,0,1,1
12,120659,1,1,0,0,0,3,3,89,0,4,4,2016,2,19,32,0,2,6,25,5,CRANDALL RD,,99998,30.68366389,-81.634519440000,0,1,0,0,1,1,0,4,1,1,0,1,0,0000000,99,99,99,99,88,88,0,0,0,1,1
12,120660,1,1,0,0,0,1,1,107,0,24,3,2016,5,1,40,1,1,2,1,2,US-17,,99998,29.56231944,-81.658197220000,0,32,0,0,1,1,0,4,2,1,0,1,0,0000000,99,99,99,99,99,99,0,0,0,1,0
12,120661,2,2,0,0,0,3,3,83,0,26,3,2016,7,21,10,0,1,4,25,4,CR-484,,99998,29.05206944,-82.261519440000,0,12,2,0,1,1,0,1,2,10,0,10,0,0000000,99,99,99,99,99,99,0,0,0,1,0
12,120662,2,2,0,0,0,2,2,39,2060,27,3,2016,1,15,24,1,1,1,1,1,I-10,,99998,30.48911667,-84.423988890000,0,12,1,0,1,1,0,1,1,2,0,2,0,0000000,99,99,99,99,88,88,27,0,0,1,0
12,120663,1,1,0,1,1,1,1,15,0,7,3,2016,2,21,30,1,1,1,1,1,I-75,,99998,26.81166667,-81.932500000000,0,8,0,0,1,1,0,1,2,1,0,1,0,0000000,99,99,99,99,88,88,0,0,0,1,0
12,120665,1,1,0,4,4,1,1,53,0,1,4,2016,6,16,48,0,2,6,25,5,NEFF LAKE RD,,99998,28.48183611,-82.319536110000,0,8,0,0,1,1,0,2,1,1,0,1,0,0000000,99,99,99,99,99,99,0,0,0,1,0
12,120666,2,2,0,0,0,2,2,27,0,4,4,2016,2,5,55,1,1,3,1,3,SR-31,CR-760A,99998,27.15083056,-81.807572220000,0,12,2,0,2,3,0,1,3,1,0,1,0,0000000,99,99,99,99,99,99,0,0,0,1,0
12,120667,2,2,0,0,0,3,3,121,0,7,4,2016,5,7,0,1,2,3,1,2,US-129,I-10 RAMP,99998,30.33129444,-82.961963890000,0,12,2,1,2,3,0,1,4,1,0,1,0,0000000,99,99,99,99,99,99,0,0,0,1,0
12,120668,1,1,0,0,0,2,2,117,0,31,3,2016,5,19,34,1,2,1,1,1,I-4,,99998,28.70796111,-81.380263890000,0,1,0,0,1,1,0,4,5,10,0,10,0,0000000,99,99,99,99,99,99,0,0,0,1,0
12,120669,1,1,0,0,0,7,7,117,0,26,3,2016,7,15,27,1,2,1,1,1,I-4,,99998,28.71984444,-81.376083330000,0,24,0,0,1,1,0,3,1,1,0,1,0,0000000,99,99,99,99,99,99,0,0,0,2,0
12,120670,2,2,0,0,0,3,3,117,0,27,3,2016,1,19,33,1,2,1,1,1,I-4,,99998,28.79504722,-81.345830560000,0,12,7,0,1,1,0,1,1,1,0,1,0,0000000,99,99,99,99,99,99,0,0,0,2,1
12,120671,2,2,0,0,0,3,3,101,0,1,4,2016,6,18,5,1,2,3,1,2,US-41,LEONARD RD,99998,28.18866667,-82.466355560000,0,12,6,1,2,3,0,1,1,1,0,1,0,0000000,99,99,99,99,99,99,0,0,0,1,0
12,120672,4,4,0,0,0,8,8,35,0,11,3,2016,6,18,15,0,1,3,1,3,SR-A1A,,99998,29.54373889,-81.159050000000,0,12,2,0,1,1,0,1,5,1,0,1,0,0000000,99,99,99,99,99,99,0,0,0,2,1
12,120673,2,2,0,0,0,3,3,31,1510,1,4,2016,6,21,11,1,2,3,1,2,US-17,I-295,99998,30.45751111,-81.635800000000,0,12,1,0,3,3,0,1,3,1,0,1,0,0000000,99,99,99,99,99,99,0,0,0,1,0
12,120675,2,2,0,0,0,5,5,86,0,13,4,2016,4,13,50,1,2,1,1,1,I-95,,99998,25.86931111,-80.208569440000,0,12,1,0,1,1,0,1,1,1,0,1,0,0000000,99,99,99,99,88,88,0,0,0,1,0
12,120676,1,1,0,1,1,1,1,95,0,9,4,2016,7,2,40,0,2,5,25,5,6TH ST,18329 BELLMORE AVE,99998,28.58445000,-81.108180560000,0,59,0,0,3,3,0,4,2,1,0,1,0,0000000,99,99,99,99,99,99,15,0,0,1,1
12,120677,2,2,0,0,0,2,2,95,0,11,4,2016,2,3,17,1,2,3,1,3,SR-50,BERKELEY ST,99998,28.55186944,-81.101688890000,0,12,6,0,2,3,0,1,2,1,0,1,0,0000000,99,99,99,99,99,99,0,0,0,1,1
12,120678,2,2,0,0,0,3,3,5,0,7,4,2016,5,23,50,1,1,3,1,3,SR-77,WOODLAND RD,99998,30.39898056,-85.689430560000,0,12,2,0,1,1,0,1,2,1,0,1,0,0000000,99,99,99,99,99,99,0,0,0,1,1
12,120679,2,2,0,0,0,3,3,63,0,5,4,2016,3,10,19,1,1,3,1,3,SR-71,,99998,30.80388889,-85.178611110000,0,12,2,0,1,1,0,1,1,1,0,1,0,0000000,99,99,99,99,88,88,0,0,0,1,0
12,120680,1,1,0,0,0,1,1,95,70,6,4,2016,4,16,21,1,2,3,1,3,SR-414,,99998,28.65299444,-81.528666670000,0,1,0,0,1,1,0,5,1,1,0,1,0,0000000,99,99,99,99,99,99,0,0,0,1,0
12,120681,3,3,0,0,0,3,3,103,2730,9,4,2016,7,3,31,1,2,3,1,2,US-19,22ND AVE,99998,27.74863056,-82.679391670000,0,12,1,0,3,98,0,1,3,1,0,1,0,0000000,99,99,99,99,99,99,0,0,0,1,1
12,120682,1,1,0,0,0,1,1,103,2730,24,3,2016,5,12,29,0,1,5,25,5,DR MLK ST,,99998,27.81250000,-82.646944440000,0,42,0,0,1,1,0,5,1,1,0,1,0,0000000,99,99,99,99,99,99,0,0,0,1,0