STATE,ST_CASE,VE_TOTAL,VE_FORMS,PVH_INVL,PEDS,PERNOTMVIT,PERMVIT,PERSONS,COUNTY,CITY,DAY,MONTH,YEAR,DAY_WEEK,HOUR,MINUTE,NHS,RUR_URB,FUNC_SYS,RD_OWNER,ROUTE,TWAY_ID,TWAY_ID2,MILEPT,LATITUDE,LONGITUD,SP_JUR,HARM_EV,MAN_COLL,RELJCT1,RELJCT2,TYP_INT,WRK_ZONE,REL_ROAD,LGT_COND,WEATHER1,WEATHER2,WEATHER,SCH_BUS,RAIL,NOT_HOUR,NOT_MIN,ARR_HOUR,ARR_MIN,HOSP_HR,HOSP_MN,CF1,CF2,CF3,FATALS,DRUNK_DR
12,120683,2,2,0,0,0,4,4,23,0,8,4,2016,6,20,0,1,1,3,1,2,US-27,CR-138,99998,29.85328889,-82.641330560000,0,12,6,0,2,3,0,1,2,1,0,1,0,0000000,99,99,99,99,99,99,0,0,0,1,0
12,120684,2,2,0,0,0,3,3,86,0,2,4,2016,7,1,35,1,2,3,1,3,SR-817,NORTHWEST 159TH ST,99998,25.91910000,-80.244350000000,0,12,6,0,8,1,0,1,3,1,0,1,0,0000000,99,99,99,99,99,99,0,0,0,2,0
12,120685,2,2,0,0,0,2,2,95,0,30,3,2016,4,9,9,1,2,3,1,3,SR-429,SCHOFIELD ROAD,99998,28.44886944,-81.643055560000,0,12,6,1,2,2,0,1,1,1,0,1,0,0000000,99,99,99,99,99,99,0,0,0,1,0
12,120686,2,2,0,0,0,4,4,75,0,4,4,2016,2,7,45,1,1,2,1,2,US-27,CR-335,99998,29.44132778,-82.466052780000,0,12,6,1,2,2,0,1,1,1,0,1,0,0000000,99,99,99,99,99,99,0,0,0,1,0
12,120687,1,1,0,0,0,1,1,81,0,13,4,2016,4,17,20,0,2,6,25,5,UPPER MANATEE RIVER RD,,99998,27.50611944,-82.433611110000,0,42,0,0,1,1,0,4,1,1,0,1,0,0000000,99,99,99,99,99,99,0,0,0,1,0
12,120688,2,2,0,0,0,2,2,86,1340,2,4,2016,7,6,13,1,2,3,1,3,SR-916,,99998,25.89865833,-80.322755560000,0,12,2,0,1,1,0,1,2,1,0,1,0,0000000,99,99,99,99,88,88,0,0,0,1,0
12,120689,1,1,0,0,0,1,1,133,3060,15,4,2016,6,11,0,1,1,3,1,3,SR-79,,99998,30.47638889,-85.845336110000,0,1,0,0,1,1,0,1,1,10,0,10,0,0000000,99,99,99,99,88,88,0,0,0,1,0
12,120690,1,1,0,0,0,1,1,87,1505,31,3,2016,5,20,42,1,2,3,1,2,US-1,,99998,24.86011944,-80.721600000000,0,42,0,0,1,1,0,4,2,1,0,1,0,0000000,99,99,99,99,99,99,0,0,0,1,0
12,120691,2,2,0,0,0,2,2,31,1510,16,4,2016,7,3,0,0,2,5,25,5,ARGYLE FOREST BLVD,CECIL COMMERCE CENTER PARKWAY,99998,30.19580000,-81.838400000000,0,12,6,0,2,2,0,1,2,1,0,1,0,0000000,99,99,99,99,99,99,0,0,0,1,1
12,120692,2,2,0,0,0,2,2,71,312,25,3,2016,6,20,10,0,2,7,25,6,GOODWIN ST,,99998,26.34378056,-81.777011110000,0,12,2,0,1,1,0,1,2,10,0,10,0,0000000,99,99,99,99,88,88,0,0,0,1,1
12,120693,3,3,0,0,0,7,7,115,0,10,3,2016,5,20,21,0,1,7,25,4,CR-777,,99998,26.99792222,-82.295611110000,0,12,2,0,1,1,0,1,2,1,0,1,0,0000000,99,99,99,99,99,99,0,0,0,3,1
12,120694,2,2,0,0,0,3,3,71,0,12,3,2016,7,2,37,1,1,3,1,2,US-41,AIRPORT ROAD,99998,26.60971944,-81.871980560000,0,12,6,0,2,2,0,1,3,1,0,1,0,0000000,99,99,99,99,99,99,0,0,0,1,2
12,120695,2,1,1,0,0,1,1,115,0,25,3,2016,6,2,10,0,2,3,25,7,SAWYER RD,,99998,27.30064444,-82.489322220000,0,42,0,0,1,1,0,5,2,10,0,10,0,0000000,99,99,99,99,88,88,0,0,0,1,1
12,120696,2,2,0,0,0,2,2,83,0,31,3,2016,5,17,11,1,1,2,1,2,US-27,,99998,29.12113889,-82.099750000000,0,12,6,0,1,1,0,1,1,1,0,1,0,0000000,99,99,99,99,99,99,0,0,0,1,0
12,120697,1,1,0,0,0,3,3,83,0,30,3,2016,4,15,55,0,2,6,25,5,PECAN RD,,99998,29.14091667,-82.042011110000,0,5,0,0,1,1,0,1,1,1,0,1,0,0000000,99,99,99,99,99,99,0,0,0,1,0
12,120698,2,2,0,0,0,2,2,101,0,30,3,2016,4,14,17,1,1,3,1,3,SR-52,POINT BLVD,99998,28.33138889,-82.636666670000,0,12,6,0,2,3,0,1,1,1,0,1,0,0000000,99,99,99,99,99,99,0,0,0,1,0
12,120699,2,2,0,0,0,3,3,33,0,29,3,2016,3,19,21,0,2,4,1,3,SR-292,SAINT MARY AVE,99998,30.44166667,-87.240000000000,0,12,6,0,2,2,0,1,3,1,0,1,0,0000000,99,99,99,99,99,99,0,0,0,1,0
12,120700,2,2,0,0,0,4,4,71,0,13,3,2016,1,20,20,1,1,3,1,3,SR-82,,99998,26.55305833,-81.647836110000,0,12,2,0,1,1,0,1,2,1,0,1,0,0000000,99,99,99,99,99,99,0,0,0,1,0
12,120701,1,1,0,0,0,2,2,33,0,1,4,2016,6,2,50,0,2,5,2,4,CR-293 BAUER RD,,99998,30.37196944,-87.402363890000,0,42,0,0,1,1,0,5,2,2,0,2,0,0000000,99,99,99,99,88,88,0,0,0,1,1
12,120702,3,3,0,0,0,4,4,115,0,7,4,2016,5,17,25,0,2,6,25,5,LOCKWOOD RIDGE RD,,99998,27.35466944,-82.505658330000,0,12,6,0,8,1,0,1,1,1,0,1,0,0000000,99,99,99,99,99,99,0,0,0,1,0
12,120703,1,1,0,1,1,1,1,89,3326,7,4,2016,5,21,47,1,2,3,1,2,US-17,,99998,30.59810556,-81.598922220000,0,8,0,0,1,1,0,1,2,1,0,1,0,0000000,99,99,99,99,88,88,0,0,0,1,0
12,120704,2,2,0,0,0,6,6,86,0,6,4,2016,4,0,0,1,2,3,1,3,SR-874,,99998,25.78013056,-80.369111110000,0,12,1,0,1,1,0,1,3,1,0,1,0,0000000,99,99,99,99,99,99,0,0,0,1,0
12,120706,1,1,0,0,0,1,1,71,1070,2,4,2016,7,1,45,1,2,3,1,2,US-41,,99998,26.57277778,-81.871944440000,0,41,0,0,1,1,0,3,3,1,0,1,0,0000000,99,99,99,99,99,99,0,0,0,1,0
12,120707,2,2,0,0,0,2,2,33,0,31,3,2016,5,15,27,0,2,4,1,3,SR-291,SR-290,99998,30.51031944,-87.220669440000,0,12,6,0,2,2,0,1,1,10,0,10,0,0000000,99,99,99,99,99,99,0,0,0,1,0
12,120709,2,2,0,0,0,2,2,86,0,5,4,2016,3,21,40,1,2,3,1,2,US-41,90TH AVE,99998,25.76138889,-80.365277780000,0,12,6,0,2,3,0,1,3,1,0,1,0,0000000,99,99,99,99,99,99,0,0,0,1,0
12,120710,2,2,0,0,0,6,6,57,0,9,4,2016,7,20,55,1,2,3,1,2,US-301,BLOOMINGDALE AVE,99998,27.89383056,-82.337730560000,0,12,2,1,2,2,0,1,3,1,0,1,0,0000000,99,99,99,99,99,99,0,0,0,1,0
12,120711,1,1,0,1,1,1,1,9,1990,4,4,2016,2,21,55,1,1,2,1,2,US-1,,99998,28.20481944,-80.661750000000,0,9,0,0,1,1,0,1,2,1,0,1,0,0000000,99,99,99,99,88,88,0,0,0,1,0
12,120712,2,2,0,0,0,4,4,31,1510,16,3,2016,4,0,31,1,2,3,1,2,US-90,KERNAN BOULEVARD,99998,30.28725000,-81.489100000000,0,12,6,1,2,2,0,1,3,1,0,1,0,0000000,99,99,99,99,99,99,0,0,0,1,1
12,120713,2,2,0,0,0,3,3,21,0,17,3,2016,5,11,18,1,1,3,1,3,SR-29,,99998,26.28932222,-81.342511110000,0,12,2,0,1,1,0,1,1,1,0,1,0,0000000,99,99,99,99,99,99,0,0,0,3,0
12,120714,1,1,0,1,1,1,1,86,2010,26,3,2016,7,20,18,1,2,3,1,2,US-441,,99998,25.76679444,-80.375033330000,0,9,0,0,1,1,0,1,3,1,0,1,0,0000000,99,99,99,99,88,88,0,0,0,1,0
12,120715,5,5,0,0,0,7,7,53,0,8,4,2016,6,8,50,0,1,5,25,5,MARINER BLVD,LANDOVER BLVD,99998,28.48333333,-82.543611110000,0,12,1,0,3,2,0,1,1,1,0,1,0,0000000,99,99,99,99,99,99,0,0,0,1,0
12,120716,1,1,0,1,1,2,2,115,0,2,4,2016,7,23,54,0,1,7,25,6,DR MLK JR WAY,,99998,27.35975278,-82.525861110000,0,8,0,0,1,1,0,1,3,10,0,10,0,0000000,99,99,99,99,99,99,0,0,0,1,1
12,120717,1,1,0,1,1,2,2,99,2660,9,4,2016,7,19,1,1,2,3,1,3,SR-710,AVENUE,99998,26.76943611,-80.066752780000,0,9,0,0,2,2,0,1,1,1,0,1,0,0000000,99,99,99,99,99,99,0,0,0,1,0
12,120718,1,1,0,0,0,1,1,95,0,11,4,2016,2,1,5,1,2,3,31,3,SR-528,,99998,28.42091111,-81.458611110000,0,21,0,0,5,1,0,5,3,1,0,1,0,0000000,1,3,1,16,88,88,0,0,0,1,0
12,120719,1,1,0,0,0,1,1,117,1840,12,4,2016,3,3,12,1,2,3,1,3,SR-600,,99998,28.72061667,-81.319672220000,0,34,0,0,1,1,0,4,2,1,0,1,0,0000000,99,99,99,99,88,88,0,0,0,1,1
12,120720,3,3,0,0,0,6,6,87,1505,15,4,2016,6,22,0,1,2,3,1,2,US-1,DAVIS LN,99998,24.88591111,-80.683519440000,0,12,2,0,1,1,0,1,2,10,0,10,0,0000000,99,99,99,99,99,99,0,0,0,2,2
12,120721,2,2,0,0,0,3,3,115,0,29,3,2016,3,2,58,1,1,1,1,1,I-75,,99998,27.35653056,-82.446130560000,0,12,1,0,1,1,4,1,2,10,0,10,0,0000000,99,99,99,99,99,99,0,0,0,1,0
12,120722,2,2,0,0,0,2,2,33,0,31,3,2016,5,17,40,0,1,6,25,5,COX RD,,99998,30.94750000,-87.361111110000,0,12,2,0,1,1,0,1,1,10,0,10,0,0000000,99,99,99,99,99,99,0,0,0,1,0
12,120723,1,1,0,0,0,1,1,105,0,20,3,2016,1,0,40,0,1,5,25,5,ERNIE CALDWELL BLVD,,99998,28.22338611,-81.642258330000,0,33,0,0,1,1,0,3,3,2,0,2,0,0000000,99,99,99,99,99,99,0,0,0,1,1
12,120724,1,1,0,0,0,1,1,86,0,25,3,2016,6,17,34,1,2,2,1,3,SR-874,,99998,25.67075000,-80.362530560000,0,25,0,1,5,1,0,4,1,1,0,1,0,0000000,99,99,99,99,99,99,0,0,0,1,0
12,120725,1,1,0,0,0,1,1,83,0,8,4,2016,6,8,12,0,1,7,25,6,140TH AVE,SR 40,99998,29.15024722,-82.351669440000,0,34,0,0,1,1,0,4,1,1,0,1,0,0000000,99,99,99,99,99,99,0,0,0,1,0
12,120726,1,1,0,0,0,1,1,9,0,17,4,2016,1,9,15,1,1,1,1,1,I-95,,99998,28.35698056,-80.782261110000,0,25,0,0,1,1,0,3,1,1,0,1,0,0000000,99,99,99,99,88,88,0,0,0,1,0
12,120727,1,1,0,0,0,1,1,51,0,10,4,2016,1,0,10,0,1,5,25,5,PIONEER 21ST ST,,99998,26.69456944,-81.236125000000,0,1,0,0,1,1,0,4,2,10,0,10,0,0000000,99,99,99,99,88,88,0,0,0,1,1
12,120728,1,1,0,1,1,1,1,21,0,13,4,2016,4,4,45,0,1,4,25,4,CR-846,,39,26.27305556,-81.737500000000,0,8,0,0,1,1,0,1,3,1,0,1,0,0000000,99,99,99,99,99,99,0,0,0,1,0
12,120729,2,2,0,0,0,2,2,69,1240,12,4,2016,3,16,51,1,2,3,1,2,US-27,SR-19 RAMP,99998,28.64218333,-81.804666670000,0,12,6,1,2,3,0,1,1,1,0,1,0,0000000,99,99,99,99,99,99,0,0,0,1,0
12,120730,2,2,0,0,0,3,3,11,771,12,4,2016,3,6,55,1,2,3,1,2,US-441,,99998,26.08358056,-80.203422220000,0,12,98,1,18,1,0,1,1,1,0,1,0,0000000,99,99,99,99,99,99,0,0,0,1,0
12,120731,3,3,0,0,0,5,5,71,0,16,4,2016,7,16,30,1,1,3,1,3,SR-867,GLADIOLUS DRIVE,99998,26.51611111,-81.943888890000,0,12,6,0,2,2,0,1,1,1,0,1,0,0000000,99,99,99,99,99,99,0,0,0,1,0
12,120732,2,2,0,0,0,2,2,117,2770,23,3,2016,4,16,44,0,2,7,25,6,MARTIN LUTHER KING JR BLVD,ST JOHNS PKWY,99998,28.80530556,-81.302102780000,0,12,2,0,2,2,0,1,1,1,0,1,0,0000000,99,99,99,99,99,99,0,0,0,1,1
12,120733,1,1,0,0,0,2,2,83,0,14,4,2016,5,16,54,0,1,7,25,6,MARION OAKS BLVD,,99998,29.00963056,-82.174869440000,0,30,0,0,1,1,0,3,1,10,0,10,0,0000000,99,99,99,99,99,99,0,0,0,1,0
12,120734,1,1,0,0,0,1,1,101,0,3,4,2016,1,14,5,0,2,6,25,5,PASCO RD,,99998,28.18913333,-82.377858330000,0,38,0,0,1,1,0,5,1,1,0,1,0,0000000,99,99,99,99,99,99,0,0,0,1,0
12,120735,2,2,0,0,0,3,3,91,835,8,4,2016,6,13,48,1,2,3,1,2,US-98,CRYSTAL BEACH DR,99998,30.39055556,-86.423888890000,0,12,6,1,2,2,0,1,1,1,0,1,0,0000000,99,99,99,99,99,99,0,0,0,1,0
12,120736,2,2,0,0,0,2,2,86,2230,16,4,2016,7,15,18,1,2,3,1,3,SR-826,26 AV,99998,25.92614444,-80.147347220000,0,12,6,0,2,2,0,1,1,1,0,1,0,0000000,99,99,99,99,88,88,0,0,0,1,0
12,120737,1,1,0,0,0,4,4,11,3193,13,4,2016,4,14,35,1,2,3,1,2,US-27,,99998,26.08916667,-80.433941670000,0,1,0,0,1,1,0,4,1,1,0,1,0,0000000,99,99,99,99,99,99,0,0,0,1,0
12,120738,2,2,0,0,0,4,4,99,820,6,4,2016,4,15,29,0,1,7,25,6,DIXIE HWY,,99998,26.43628611,-80.074175000000,0,12,2,0,1,1,0,1,1,1,0,1,0,0000000,99,99,99,99,99,99,0,0,0,2,0
12,120739,1,1,0,1,1,1,1,105,1690,8,4,2016,6,3,33,1,2,3,1,2,US-92,,99998,28.05509444,-81.948186110000,0,8,0,0,1,1,0,1,3,1,0,1,0,0000000,99,99,99,99,99,99,0,0,0,1,0
12,120740,1,1,0,1,1,2,2,9,0,16,4,2016,7,19,20,0,2,7,25,6,OLSEN RD,,99998,28.43535278,-80.759511110000,0,8,0,0,4,1,0,1,5,1,0,1,0,0000000,99,99,99,99,88,88,0,0,0,1,0
12,120742,1,1,0,1,1,1,1,86,0,12,4,2016,3,1,0,0,2,4,1,3,SR-985,NW 17TH ST,99998,25.78987500,-80.368955560000,0,8,0,0,2,2,0,1,3,1,0,1,0,0000000,99,99,99,99,88,88,0,0,0,1,0
12,120743,1,1,0,0,0,1,1,21,0,18,4,2016,2,11,11,0,1,4,25,4,CR-858,,120,26.29500000,-81.400833330000,0,42,0,0,1,1,0,5,1,1,0,1,0,0000000,99,99,99,99,88,88,20,0,0,1,0
12,120744,2,2,0,0,0,4,4,127,0,15,4,2016,6,16,35,1,1,3,1,2,US-92,,99998,29.11872500,-81.180425000000,0,12,2,0,1,1,0,3,1,10,0,10,0,0000000,99,99,99,99,99,99,0,0,0,2,0
12,120745,4,4,0,0,0,8,8,83,2270,18,4,2016,2,7,44,1,2,3,1,3,SR-464,,99998,29.17161944,-82.107400000000,0,12,1,0,1,1,0,1,1,1,0,1,0,0000000,99,99,99,99,99,99,0,0,0,1,0
12,120746,2,2,0,0,0,2,2,57,2950,19,4,2016,3,3,6,1,2,3,98,3,SR-580 BUSCH BLVD,18TH ST,99998,28.03256667,-82.438775000000,0,12,7,0,1,1,0,1,3,1,0,1,0,0000000,99,99,99,99,88,88,0,0,0,1,0
12,120747,1,1,0,1,1,1,1,11,1050,11,2,2016,5,19,49,0,2,7,25,6,DIXIE HWY,,99998,26.14831389,-80.133647220000,0,9,0,0,1,1,0,1,3,1,0,1,0,0000000,99,99,99,99,99,99,0,0,0,1,0
12,120748,2,2,0,0,0,2,2,86,0,17,3,2016,5,19,52,0,2,3,25,7,75TH ST,21ST AVE,99998,25.84313056,-80.231430560000,0,12,6,0,2,2,0,1,3,1,0,1,0,0000000,99,99,99,99,99,99,0,0,0,1,0
12,120749,1,1,0,1,1,1,1,86,1030,26,3,2016,7,1,7,1,2,3,1,3,SR-9336,SW 344 ST,99998,25.44773056,-80.485358330000,0,8,0,0,2,2,0,1,2,1,0,1,0,0000000,99,99,99,99,99,99,0,0,0,1,0
12,120750,1,1,0,1,1,1,1,86,2220,28,3,2016,2,11,0,1,2,3,1,3,SR-922,BISCAYNE BLVD,99998,25.88939444,-80.163847220000,0,8,0,0,2,2,0,1,1,1,0,1,0,0000000,99,99,99,99,99,99,0,0,0,1,0
12,120751,1,1,0,1,1,1,1,9,1990,29,3,2016,3,10,53,0,2,7,25,6,HIBISCUS BLVD,OAK ST,99998,28.08514167,-80.614863890000,0,15,0,0,2,2,0,1,1,1,0,1,0,0000000,99,99,99,99,99,99,0,0,0,1,0
12,120753,2,2,0,0,0,4,4,119,0,16,4,2016,7,5,35,1,1,3,1,3,SR-44,,99998,28.86693056,-82.080111110000,0,12,6,0,1,1,0,1,2,10,0,10,0,0000000,99,99,99,99,99,99,0,0,0,1,0
12,120754,1,1,0,0,0,1,1,107,0,14,4,2016,5,20,48,0,1,3,1,3,SR-19,,99998,29.56766944,-81.724738890000,0,1,0,0,1,1,0,4,2,10,0,10,0,0000000,99,99,99,99,99,99,0,0,0,1,0
12,120755,3,3,0,0,0,3,3,99,330,12,4,2016,3,21,41,0,2,7,25,6,WOOLBRIGHT RD,2 ND ST,99998,26.51451944,-80.067850000000,0,12,6,0,2,3,0,1,3,1,0,1,0,0000000,99,99,99,99,88,88,0,0,0,1,0
12,120756,2,2,0,0,0,5,5,111,0,17,4,2016,1,17,24,1,1,3,1,3,SR-707,,99998,27.35224722,-80.280719440000,0,1,0,0,1,1,0,1,1,1,0,1,0,0000000,99,99,99,99,99,99,0,0,0,1,0
12,120757,1,1,0,1,1,1,1,113,0,17,4,2016,1,8,20,0,2,4,1,2,US-90,,99998,30.62963889,-86.995888890000,0,9,0,0,1,1,0,1,1,1,0,1,0,0000000,99,99,99,99,99,99,0,0,0,1,0
12,120758,2,2,0,0,0,2,2,101,0,12,4,2016,3,17,24,1,2,3,1,2,US-41,SWANS LANDING DR,99998,28.20926389,-82.461972220000,0,12,6,0,8,1,0,1,1,1,0,1,0,0000000,99,99,99,99,99,99,0,0,0,1,1
12,120759,1,1,0,1,1,3,3,103,3010,5,3,2016,7,13,3,0,2,7,1,6,GULF BLVD,,99998,27.76231667,-82.766536110000,0,8,0,0,1,1,0,1,1,1,0,1,0,0000000,99,99,99,99,99,99,0,0,0,1,0
12,120760,1,1,0,0,0,1,1,71,1070,15,4,2016,6,15,1,0,2,7,25,6,FOWLER ST,,99998,26.59270278,-81.868150000000,0,33,0,0,1,1,0,3,1,1,0,1,0,0000000,99,99,99,99,88,88,0,0,0,1,0
12,120761,3,3,0,0,0,4,4,83,0,12,4,2016,3,11,0,1,1,3,1,3,SR-40,,99998,29.17632778,-81.828061110000,0,12,2,0,1,1,0,1,1,1,0,1,0,0000000,99,99,99,99,99,99,0,0,0,1,0
12,120762,2,1,1,0,0,1,1,57,0,15,4,2016,6,3,35,1,2,3,1,2,US-41,,99998,27.68219444,-82.475788890000,0,14,0,0,1,1,0,5,3,10,0,10,0,0000000,99,99,99,99,88,88,0,0,0,1,1
12,120763,1,1,0,1,1,2,2,73,2940,22,4,2016,6,2,32,1,2,3,1,2,US-90,3891 W. TENNESSEE,99998,30.45939722,-84.356461110000,0,8,0,0,2,2,0,1,3,1,0,1,0,0000000,99,99,99,99,88,88,0,0,0,1,0
12,120764,1,1,0,0,0,1,1,97,0,7,4,2016,5,12,0,0,1,7,25,6,PARKWAY E,6103 NOVA ROAD,99998,28.26883611,-81.194627780000,0,42,0,0,3,2,0,5,1,1,0,1,0,0000000,99,99,99,99,88,88,0,0,0,1,1
12,120765,2,2,0,0,0,5,5,127,0,13,3,2016,1,4,50,1,1,3,1,3,SR-472,CR-4101,99998,28.96036111,-81.265850000000,0,12,6,1,2,2,0,1,2,1,0,1,0,0000000,99,99,99,99,99,99,0,0,0,1,1
12,120766,1,1,0,0,0,1,1,99,3190,8,4,2016,6,1,56,1,2,1,1,1,I-95,,99998,26.75921944,-80.094061110000,0,42,0,0,1,1,0,5,3,1,0,1,0,0000000,99,99,99,99,88,88,0,0,0,1,0
12,120767,1,1,0,0,0,2,2,5,0,8,4,2016,6,14,30,0,2,5,25,6,SHERMAN AVE,,99998,30.18073056,-85.632369440000,0,32,0,0,1,1,0,4,1,1,0,1,0,0000000,99,99,99,99,99,99,0,0,0,1,0
12,120768,1,1,0,1,1,1,1,31,1510,11,4,2016,2,23,6,1,2,3,1,3,SR-228,LAMPLIGHTER LANE,99998,30.28595000,-81.803438890000,0,8,0,0,3,2,0,1,2,10,0,10,0,0000000,99,99,99,99,88,88,0,0,0,1,0
12,120769,1,1,0,0,0,2,2,127,0,16,4,2016,7,17,53,1,1,1,1,1,I-95,,99998,29.02801944,-80.997519440000,0,20,0,0,1,1,4,3,1,2,0,2,0,0000000,99,99,99,99,99,99,0,0,0,1,0
12,120770,1,1,0,0,0,1,1,81,0,17,4,2016,1,11,56,1,1,2,1,2,US-301,,99998,27.48502778,-82.562938890000,0,25,0,0,1,1,0,3,1,1,0,1,0,0000000,99,99,99,99,88,88,0,0,0,1,1
12,120771,2,2,0,0,0,4,4,97,0,14,4,2016,5,1,2,1,2,3,1,2,US-192,ALLIGATOR LAKE SHORE,99998,28.24206389,-81.207386110000,0,12,6,0,2,3,0,1,2,1,0,1,0,0000000,99,99,99,99,88,88,0,0,0,2,1
12,120772,3,3,0,1,1,5,5,95,0,16,4,2016,7,23,35,0,2,4,25,5,UNIVERSAL BLVD,LAKE CAY PL,99998,28.43073611,-81.447811110000,0,8,0,0,2,2,0,1,3,1,0,1,0,0000000,99,99,99,99,88,88,0,0,0,1,0
12,120773,2,2,0,0,0,4,4,103,0,25,4,2016,2,7,44,1,2,3,1,2,US-19,HIGHLAND ACRE DR,99998,28.04200278,-82.738200000000,0,12,6,0,3,3,0,1,1,1,0,1,0,0000000,99,99,99,99,99,99,0,0,0,2,0
12,120774,1,1,0,0,0,2,2,86,0,17,4,2016,1,4,53,0,2,4,25,6,NW 17TH AVE,NW 73RD ST,99998,25.84136667,-80.225302780000,0,38,0,0,3,2,0,5,3,1,0,1,0,0000000,99,99,99,99,88,88,0,0,0,1,0
12,120775,2,2,0,0,0,5,5,127,780,19,4,2016,3,22,31,1,2,3,1,3,SR-5A,NORTH ST,99998,29.21520278,-81.046041670000,0,12,2,0,3,3,0,1,3,1,0,1,0,0000000,99,99,99,99,99,99,0,0,0,1,0
12,120776,2,2,0,0,0,2,2,86,0,18,4,2016,2,16,48,0,1,5,25,5,59TH ST,137TH CT,99998,25.71188889,-80.415130560000,0,12,6,0,2,2,0,1,1,1,0,1,0,0000000,99,99,99,99,99,99,0,0,0,1,0
12,120777,1,1,0,2,2,1,1,33,0,19,4,2016,3,14,28,1,2,3,1,3,SR-295,,99998,30.44513056,-87.235780560000,0,18,0,0,8,1,0,1,1,1,0,1,0,0000000,99,99,99,99,99,99,0,0,0,1,0
12,120778,2,2,0,0,0,3,3,61,0,15,4,2016,6,7,11,1,1,3,1,3,SR-60,,99998,27.64053056,-80.643488890000,0,12,1,0,1,1,0,1,4,10,0,10,0,0000000,99,99,99,99,88,88,0,0,0,1,0
12,120779,2,2,0,0,0,3,3,101,0,15,4,2016,6,23,50,1,1,3,1,3,SR-581,,99998,28.19314722,-82.353455560000,0,12,1,0,1,1,0,1,2,1,0,1,0,0000000,99,99,99,99,99,99,0,0,0,1,0
12,120780,2,2,0,0,0,3,3,127,1410,6,4,2016,4,20,56,1,1,3,1,3,SR-5A,NOVA RD,99998,29.22934722,-81.052083330000,0,12,1,0,3,2,0,1,2,1,0,1,0,0000000,99,99,99,99,99,99,0,0,0,1,0
12,120781,4,4,0,0,0,4,4,11,2948,19,4,2016,3,23,10,1,2,3,1,3,SR-817,58TH ST,99998,26.19688889,-80.252044440000,0,12,6,0,3,2,0,1,3,1,0,1,0,0000000,99,99,99,99,99,99,0,0,0,1,0
12,120782,1,1,0,0,0,1,1,86,0,7,4,2016,5,22,8,1,2,2,31,3,SR-821,,99998,25.94792500,-80.352516670000,0,18,0,0,1,1,4,4,3,1,0,1,0,0000000,99,99,99,99,99,99,0,0,0,1,0
12,120783,1,1,0,0,0,1,1,105,1740,15,4,2016,6,5,53,1,2,3,1,2,US-27,,99998,27.89624444,-81.599730560000,0,59,0,0,1,1,0,3,2,1,0,1,0,0000000,99,99,99,99,99,99,0,0,0,1,0
12,120784,2,2,0,0,0,2,2,5,0,17,4,2016,1,3,59,1,2,3,1,2,US-98,,99998,30.18792222,-85.743402780000,0,12,1,0,1,1,0,1,3,1,0,1,0,0000000,99,99,99,99,88,88,0,0,0,1,1
12,120785,1,1,0,0,0,2,2,115,0,10,4,2016,1,13,43,1,1,1,1,1,I-75,,99998,27.10020278,-82.270913890000,0,18,0,0,1,1,4,3,1,10,0,10,0,0000000,99,99,99,99,99,99,0,0,0,1,0
12,120786,4,4,0,0,0,10,10,11,2570,10,4,2016,1,21,13,1,2,1,1,1,I-95,,99998,26.26060000,-80.133238890000,0,12,7,1,18,1,0,1,3,1,0,1,0,0000000,99,99,99,99,99,99,0,0,0,1,0
12,120787,2,2,0,0,0,3,3,83,0,23,4,2016,7,19,33,1,1,2,1,2,US-441,92 PL RD,99998,29.08806111,-82.080919440000,0,12,6,1,2,3,0,1,2,1,0,1,0,0000000,99,99,99,99,99,99,0,0,0,2,1
12,120788,1,1,0,1,1,2,2,117,0,24,4,2016,1,20,58,0,1,4,25,4,CR-419,,99998,28.64083333,-81.130000000000,0,8,0,0,1,1,0,1,2,1,0,1,0,0000000,99,99,99,99,88,88,0,0,0,1,0
12,120789,1,1,0,1,1,1,1,95,0,21,4,2016,5,3,27,0,2,3,1,3,SR-423,OAK RIDGE RD,99998,28.46967500,-81.417555560000,0,8,0,0,1,1,0,1,2,1,0,1,0,0000000,99,99,99,99,99,99,0,0,0,1,0
12,120790,1,1,0,0,0,2,2,127,0,21,4,2016,5,19,55,1,1,1,1,1,I-95,,99998,29.04076944,-81.005380560000,0,32,0,0,1,1,4,4,5,1,0,1,0,0000000,99,99,99,99,88,88,0,0,0,1,1
12,120791,1,1,0,1,1,3,3,9,0,23,4,2016,7,22,28,0,1,7,25,6,STADIUM PARKWAY,,99998,28.25521944,-80.738030560000,0,8,0,0,1,1,0,4,2,2,0,2,0,0000000,99,99,99,99,99,99,0,0,0,1,1