STATE,ST_CASE,VE_TOTAL,VE_FORMS,PVH_INVL,PEDS,PERNOTMVIT,PERMVIT,PERSONS,COUNTY,CITY,DAY,MONTH,YEAR,DAY_WEEK,HOUR,MINUTE,NHS,RUR_URB,FUNC_SYS,RD_OWNER,ROUTE,TWAY_ID,TWAY_ID2,MILEPT,LATITUDE,LONGITUD,SP_JUR,HARM_EV,MAN_COLL,RELJCT1,RELJCT2,TYP_INT,WRK_ZONE,REL_ROAD,LGT_COND,WEATHER1,WEATHER2,WEATHER,SCH_BUS,RAIL,NOT_HOUR,NOT_MIN,ARR_HOUR,ARR_MIN,HOSP_HR,HOSP_MN,CF1,CF2,CF3,FATALS,DRUNK_DR
12,120793,2,2,0,0,0,3,3,95,0,14,4,2016,5,2,35,0,2,4,2,6,CURRY FORD RD,ECONLOCKHATCHEE TRAIL,99998,28.51010278,-81.256288890000,0,12,6,0,2,2,0,1,3,1,0,1,0,0000000,99,99,99,99,99,99,0,0,0,1,1
12,120794,2,2,0,0,0,5,5,95,0,24,4,2016,1,15,15,0,2,6,25,5,KELLY PARK RD,EASTWAY DR,99998,28.75736944,-81.525961110000,0,12,1,0,1,1,0,1,1,1,0,1,0,0000000,99,99,99,99,99,99,0,0,0,1,0
12,120795,2,2,0,0,0,2,2,73,2940,23,4,2016,7,18,52,1,2,3,1,2,US-90,WHITE DR,99998,30.44722222,-84.326227780000,0,12,6,0,3,2,0,1,1,1,0,1,0,0000000,99,99,99,99,99,99,0,0,0,1,0
12,120796,1,1,0,0,0,3,3,71,1070,7,4,2016,5,0,8,0,2,5,25,5,CENTRAL AVE,,99998,26.60434444,-81.863797220000,0,42,0,0,1,1,0,4,3,1,0,1,0,0000000,99,99,99,99,99,99,0,0,0,1,0
12,120797,1,1,0,1,1,1,1,121,0,29,4,2016,6,12,46,0,1,4,25,4,CR-132,,99998,30.39231111,-83.034852780000,0,9,0,0,1,1,0,1,1,1,0,1,0,0000000,99,99,99,99,99,99,0,0,0,1,0
12,120798,2,2,0,0,0,12,12,99,820,16,4,2016,7,12,55,0,2,5,25,5,LAKE IDA RD,DAVIS RD,99998,26.47322778,-80.097925000000,0,12,6,0,2,2,0,1,1,1,0,1,0,0000000,99,99,99,99,99,99,0,0,0,1,0
12,120799,2,2,0,2,2,2,2,86,0,23,4,2016,7,3,40,1,2,2,1,3,SR-821,,99998,25.61259444,-80.378644440000,0,12,1,0,1,1,4,1,2,10,0,10,0,0000000,99,99,99,99,99,99,0,0,0,1,0
12,120800,1,1,0,0,0,1,1,31,1510,1,5,2016,1,1,5,0,1,5,25,5,BLOCK OF SAN JOSE BLVD,,99998,30.15830000,-81.573400000000,0,42,0,0,1,1,0,5,3,10,0,10,0,0000000,99,99,99,99,88,88,0,0,0,1,1
12,120801,1,1,0,0,0,2,2,57,0,30,4,2016,7,16,3,0,1,4,25,3,SR-39,,99998,28.10033889,-82.142161110000,0,10,0,0,6,1,0,1,1,1,0,1,0,915244N,99,99,99,99,99,99,0,0,0,1,0
12,120802,1,1,0,0,0,1,1,87,0,3,4,2016,1,11,9,1,1,3,1,2,US-1,,99998,24.66233056,-81.459488890000,0,1,0,0,1,1,0,1,1,1,0,1,0,0000000,99,99,99,99,99,99,0,0,0,1,0
12,120803,2,2,0,0,0,3,3,57,2950,12,4,2016,3,8,45,1,2,3,1,2,US-92,CLARK AVE,99998,27.89379722,-82.512227780000,0,12,6,0,2,3,0,1,1,1,0,1,0,0000000,99,99,99,99,88,88,0,0,0,1,0
12,120804,2,2,0,0,0,3,3,17,730,21,4,2016,5,18,0,1,1,3,1,2,US-19,W POWER LINE ST,99998,28.95951944,-82.630380560000,0,12,1,0,3,3,0,1,1,1,0,1,0,0000000,99,99,99,99,99,99,0,0,0,1,0
12,120806,1,1,0,0,0,1,1,99,1560,23,4,2016,7,2,28,0,2,4,25,5,DONALD ROSS RD,,99998,26.88310556,-80.114372220000,0,33,0,0,1,1,0,3,2,1,0,1,0,0000000,99,99,99,99,88,88,0,0,0,1,1
12,120807,2,2,0,0,0,9,9,21,0,12,4,2016,3,5,30,1,1,3,1,2,US-41,,99998,25.85250278,-80.989941670000,0,12,2,0,1,1,0,1,2,1,0,1,0,0000000,99,99,99,99,99,99,0,0,0,1,0
12,120808,1,1,0,0,0,1,1,21,0,19,4,2016,3,5,56,0,1,4,25,4,CR-846,,99998,26.27277778,-81.720555560000,0,33,0,0,1,1,0,3,3,1,0,1,0,0000000,99,99,99,99,99,99,0,0,0,1,0
12,120809,1,1,0,0,0,2,2,71,0,17,4,2016,1,3,0,1,1,3,1,3,SR-80,WAVERLY AVE,99998,26.67202222,-81.820197220000,0,30,0,0,3,3,0,4,3,1,0,1,0,0000000,99,99,99,99,99,99,0,0,0,1,1
12,120810,4,4,0,0,0,6,6,71,0,19,4,2016,3,13,18,1,1,1,1,1,I-75,,99998,26.53403611,-81.795102780000,0,12,1,0,1,1,0,1,1,1,0,1,0,0000000,99,99,99,99,99,99,0,0,0,1,0
12,120811,1,1,0,1,1,1,1,101,0,23,4,2016,7,7,37,1,1,3,1,3,SR-54,,99998,28.18601389,-82.407058330000,0,9,0,0,8,1,0,2,1,1,0,1,0,0000000,99,99,99,99,88,88,0,0,0,1,0
12,120812,2,2,0,0,0,2,2,11,1420,2,4,2016,7,2,25,1,2,1,1,1,I-75,,99998,25.98204722,-80.350044440000,0,12,6,0,1,1,4,1,3,1,0,1,0,0000000,99,99,99,99,99,99,0,0,0,1,2
12,120813,2,2,0,0,0,4,4,71,0,24,4,2016,1,9,2,0,1,5,25,5,GUNNERY RD,SUNSET RD,99998,26.63738056,-81.717388890000,0,12,6,0,2,2,0,1,1,1,0,1,0,0000000,99,99,99,99,99,99,0,0,0,1,0
12,120814,1,1,0,0,0,1,1,95,2360,21,4,2016,5,1,52,0,2,5,25,5,LEEVISTA BV,,99998,28.46654722,-81.270341670000,0,33,0,0,1,1,0,4,3,1,0,1,0,0000000,99,99,99,99,88,88,0,0,0,1,1
12,120815,11,10,1,1,1,15,15,86,2010,8,4,2016,6,11,57,0,2,7,25,6,7TH ST,17TH AVE,99998,25.78001667,-80.222700000000,0,12,1,0,3,2,0,1,1,1,0,1,0,0000000,99,99,99,99,99,99,14,15,0,1,0
12,120816,1,1,0,0,0,1,1,111,0,1,5,2016,1,5,25,1,1,1,1,1,I-95,,99998,27.34707778,-80.414377780000,0,42,0,0,1,1,0,5,2,1,0,1,0,0000000,99,99,99,99,99,99,0,0,0,1,1
12,120817,4,1,3,0,0,1,1,33,0,27,4,2016,4,19,27,0,6,96,96,5,HOLSBERRY RD,,99998,30.54451111,-87.266388890000,0,53,0,0,1,1,0,5,2,10,0,10,0,0000000,99,99,99,99,88,88,14,0,0,1,1
12,120818,1,1,0,0,0,2,2,86,2330,23,4,2016,7,2,3,1,2,3,1,3,SR-916,,99998,25.89905556,-80.229419440000,0,59,0,0,1,1,0,4,3,1,0,1,0,0000000,99,99,99,99,99,99,0,0,0,1,0
12,120819,1,1,0,0,0,2,2,99,3190,1,5,2016,1,2,12,0,2,5,98,5,PALM BEACH LAKES BLVD,,4,26.71171667,-80.096108330000,0,33,0,0,1,1,0,4,3,1,0,1,0,0000000,99,99,99,99,99,99,0,0,0,1,1
12,120820,1,1,0,0,0,2,2,86,0,31,1,2016,1,3,45,0,1,5,25,5,268TH ST,107TH AVE,99998,25.51867222,-80.363986110000,0,24,0,0,3,3,0,4,2,1,0,1,0,0000000,99,99,99,99,88,88,0,0,0,2,0
12,120821,3,3,0,0,0,3,3,71,457,10,4,2016,1,23,12,1,2,3,1,3,SR-78 NE,24TH AVE,99998,26.67561667,-81.924013890000,0,12,7,0,1,1,0,1,2,1,0,1,0,0000000,99,99,99,99,99,99,14,0,0,1,2
12,120822,1,1,0,0,0,1,1,9,1990,30,4,2016,7,8,20,1,1,1,1,1,I-95,,99998,28.18816111,-80.706261110000,0,59,0,0,1,1,0,4,1,1,0,1,0,0000000,99,99,99,99,88,88,0,0,0,1,0
12,120823,2,2,0,0,0,2,2,117,0,23,4,2016,7,17,37,1,2,1,1,1,I-4,,99998,28.68065000,-81.388488890000,0,12,7,0,1,1,0,1,1,10,0,10,0,0000000,99,99,99,99,99,99,0,0,0,1,0
12,120824,1,1,0,0,0,2,2,45,0,2,5,2016,2,13,50,1,1,3,1,3,SR-71,,99998,29.86383056,-85.240930560000,0,42,0,0,1,1,0,4,1,1,0,1,0,0000000,99,99,99,99,99,99,0,0,0,1,0
12,120825,2,2,0,0,0,2,2,1,1620,29,4,2016,6,10,26,1,1,3,1,3,SR-121,,99998,29.82888056,-82.395233330000,0,12,6,0,1,1,0,1,1,1,0,1,0,0000000,99,99,99,99,99,99,0,0,0,1,0
12,120826,2,2,0,0,0,2,2,83,0,27,4,2016,4,19,25,1,1,3,1,2,US-441 / SR-25,90 ST,99998,29.28136944,-82.152030560000,0,12,6,0,2,3,0,1,5,1,0,1,0,0000000,99,99,99,99,99,99,0,0,0,1,0
12,120827,2,2,0,0,0,2,2,31,1510,4,4,2016,2,2,30,1,2,3,1,2,US-17,SETZER RD,99998,30.43021111,-81.644880560000,0,12,2,0,3,2,0,1,3,1,0,1,0,0000000,99,99,99,99,99,99,0,0,0,1,2
12,120828,2,2,0,1,1,2,2,103,2530,17,4,2016,1,21,54,1,2,3,1,3,SR-693,,99998,27.87577778,-82.728986110000,0,8,0,0,1,1,0,1,3,1,0,1,0,0000000,99,99,99,99,99,99,0,0,0,1,0
12,120829,2,2,0,1,1,2,2,86,1340,2,5,2016,2,16,23,0,2,5,25,5,16TH AVE,,99998,25.84880000,-80.314341670000,0,9,0,0,1,1,0,1,1,1,0,1,0,0000000,99,99,99,99,88,88,0,0,0,1,0
12,120830,1,1,0,0,0,1,1,95,2360,23,4,2016,7,22,20,0,2,5,25,5,BUMBY AVE,,99998,28.56211111,-81.351669440000,0,43,0,0,1,1,4,4,3,1,0,1,0,0000000,99,99,99,99,99,99,0,0,0,1,1
12,120831,1,1,0,0,0,1,1,119,0,18,4,2016,2,14,15,0,1,4,25,4,CR-48,,99998,28.69077222,-82.195902780000,0,42,0,0,1,1,0,4,1,1,0,1,0,0000000,99,99,99,99,88,88,0,0,0,1,0
12,120832,1,1,0,0,0,1,1,119,0,18,4,2016,2,23,25,0,1,4,25,4,CR-104,,99998,28.94551389,-82.022263890000,0,53,0,0,1,1,0,4,2,1,0,1,0,0000000,99,99,99,99,99,99,0,0,0,1,0
12,120833,2,2,0,0,0,4,4,17,0,23,4,2016,7,21,49,1,2,3,1,3,SR-44,,99998,28.85344722,-82.497775000000,0,1,0,0,1,1,0,1,2,1,0,1,0,0000000,99,99,99,99,99,99,0,0,0,2,1
12,120834,1,1,0,0,0,3,3,83,0,27,4,2016,4,6,24,1,1,2,1,1,I-75,,99998,29.00561111,-82.150561110000,0,42,0,0,1,1,0,5,1,1,0,1,0,0000000,99,99,99,99,99,99,0,0,0,1,0
12,120835,1,1,0,0,0,2,2,83,0,27,4,2016,4,7,45,1,1,1,1,1,I-75,,99998,29.03435278,-82.160127780000,0,24,0,0,1,1,0,3,1,1,0,1,0,0000000,99,99,99,99,99,99,0,0,0,1,0
12,120836,1,1,0,1,1,1,1,17,0,27,4,2016,4,1,25,1,1,3,1,2,US-98,LARUE DENISE TER,142,28.93595278,-82.618733330000,0,8,0,0,1,1,0,1,2,1,0,1,0,0000000,99,99,99,99,88,88,0,0,0,1,0
12,120837,2,2,0,0,0,2,2,95,0,19,4,2016,3,20,29,1,2,3,1,3,SR-50,,99998,28.54568056,-81.090844440000,0,12,1,0,1,1,0,1,2,1,0,1,0,0000000,99,99,99,99,99,99,0,0,0,1,1
12,120838,2,2,0,0,0,3,3,57,2950,12,4,2016,3,3,9,0,2,5,25,6,E COLUMBUS DR,I-4 RAMP,99998,27.96630000,-82.406022220000,0,12,6,1,2,2,0,1,3,1,0,1,0,0000000,99,99,99,99,99,99,0,0,0,1,0
12,120839,1,1,0,1,1,1,1,86,2010,4,5,2016,4,20,20,1,2,3,1,2,US-41,SW 8TH ST,99998,25.76270278,-80.315797220000,0,8,0,0,2,2,0,1,3,2,0,2,0,0000000,99,99,99,99,88,88,0,0,0,1,0
12,120840,1,1,0,1,1,1,1,99,3190,16,4,2016,7,21,44,0,2,7,25,6,PALM BEACH LAKES BLVD,DIXIE HWY,8,26.72446944,-80.053208330000,0,8,0,0,3,2,0,1,3,2,0,2,0,0000000,99,99,99,99,99,99,0,0,0,1,0
12,120841,2,2,0,0,0,2,2,103,570,22,4,2016,6,14,40,0,2,5,25,5,MEMORIAL CAUSEWAY,,99998,27.96541389,-82.804375000000,0,59,0,0,1,1,0,3,1,1,0,1,1,0000000,99,99,99,99,99,99,0,0,0,1,0
12,120842,2,2,0,0,0,3,3,121,0,1,5,2016,1,23,7,1,1,1,1,1,I-10,,99998,30.34834444,-83.079088890000,0,12,1,0,1,1,0,1,2,1,0,1,0,0000000,99,99,99,99,99,99,0,0,0,1,1
12,120843,1,1,0,0,0,1,1,115,0,24,4,2016,1,23,45,1,2,3,1,2,US-41,,99998,27.14678056,-82.462480560000,0,34,0,1,5,1,0,4,3,1,0,1,0,0000000,99,99,99,99,88,88,0,0,0,1,1
12,120844,1,1,0,0,0,2,2,81,0,28,4,2016,5,22,11,1,1,3,1,3,SR-78,,99998,27.38656111,-82.400844440000,0,59,0,0,1,1,0,3,2,1,0,1,0,0000000,99,99,99,99,99,99,0,0,0,1,0
12,120845,2,2,0,0,0,2,2,73,2940,21,4,2016,5,5,1,1,2,3,1,3,SR-61,,99998,30.39528889,-84.282761110000,0,12,6,0,8,1,0,1,2,1,0,1,0,0000000,99,99,99,99,5,36,0,0,0,1,0
12,120846,2,2,0,0,0,3,3,127,2190,24,4,2016,1,9,19,1,2,3,1,2,US-1,SKYLINE DR,99998,29.05713056,-80.940977780000,0,12,6,0,2,3,0,1,1,1,0,1,0,0000000,99,99,99,99,99,99,0,0,0,1,0
12,120847,3,3,0,0,0,3,3,86,0,21,4,2016,5,1,31,0,2,5,25,5,127TH AVE,120TH ST,99998,25.65688056,-80.399700000000,0,12,6,0,2,2,0,1,3,1,0,1,0,0000000,99,99,99,99,99,99,0,0,0,1,0
12,120848,1,1,0,1,1,1,1,105,1690,25,4,2016,2,19,9,1,2,3,1,3,SR-37,HIGHLAND DR,99998,27.98579722,-81.956775000000,0,9,0,0,2,2,0,1,1,1,0,1,0,0000000,99,99,99,99,88,88,0,0,0,1,0
12,120849,1,1,0,1,1,1,1,11,1050,29,4,2016,6,20,55,1,2,3,1,3,SR-383,,99998,26.13667222,-80.165138890000,0,8,0,0,1,1,0,1,3,1,0,1,0,0000000,99,99,99,99,99,99,0,0,0,1,0
12,120850,2,2,0,0,0,2,2,77,0,22,4,2016,6,12,27,1,1,3,1,3,SR-12,,99998,30.50560556,-84.864119440000,0,12,2,0,1,1,0,1,1,10,0,10,0,0000000,99,99,99,99,99,99,0,0,0,1,0
12,120851,1,1,0,1,1,1,1,86,0,1,2,2016,2,21,40,0,2,7,25,6,194TH AVE,,99998,25.59209722,-80.506866670000,0,8,0,0,1,1,0,1,3,2,0,2,0,0000000,99,99,99,99,99,99,0,0,0,1,0
12,120852,2,2,0,1,1,2,2,11,1050,4,5,2016,4,21,34,1,2,3,1,3,SR-842,,99998,26.12124444,-80.186555560000,0,8,0,0,1,1,0,1,3,2,0,2,0,0000000,99,99,99,99,99,99,0,0,0,1,0
12,120853,2,2,0,0,0,2,2,71,457,24,4,2016,1,9,31,0,2,4,25,4,CR-867A,6TH ST,99998,26.66303611,-81.941075000000,0,12,2,0,2,3,0,1,1,1,0,1,0,0000000,99,99,99,99,99,99,0,0,0,1,0
12,120854,2,2,0,0,0,3,3,129,0,28,4,2016,5,22,55,1,1,3,1,2,US-319,,99998,30.05423056,-84.491888890000,0,12,2,0,1,1,0,1,2,1,0,1,0,0000000,99,99,99,99,99,99,0,0,0,1,1
12,120855,1,1,0,1,1,1,1,31,1510,19,4,2016,3,2,31,1,2,3,1,3,SR-115,,99998,30.19526944,-81.552200000000,0,8,0,0,1,1,0,1,2,1,0,1,0,0000000,99,99,99,99,99,99,0,0,0,1,0
12,120856,3,3,0,0,0,5,5,31,1510,7,5,2016,7,15,46,0,2,5,98,4,CR-211 ORTEGA BLVD,VERONA AVE,99998,30.27001111,-81.703161110000,0,12,2,0,3,3,0,1,1,1,0,1,0,0000000,99,99,99,99,99,99,0,0,0,1,0
12,120857,1,1,0,1,1,1,1,103,2730,18,3,2016,6,23,50,0,2,3,1,2,US-92,,99998,27.77144444,-82.637152780000,0,8,0,0,1,1,0,1,3,1,0,1,0,0000000,99,99,99,99,99,99,0,0,0,1,1
12,120858,1,1,0,1,1,1,1,105,0,2,5,2016,2,6,17,0,1,4,25,4,CR-540,SUMMERLAND HILLS DR,99998,27.96750833,-81.902002780000,0,8,0,0,2,2,0,1,2,1,0,1,0,0000000,99,99,99,99,99,99,0,0,0,1,0
12,120859,1,1,0,1,1,1,1,61,0,27,4,2016,4,21,0,0,1,4,25,4,CR-512,104TH AVE,99998,27.76749444,-80.539697220000,0,8,0,0,3,3,0,4,2,1,0,1,0,0000000,99,99,99,99,88,88,0,0,0,1,0
12,120860,2,2,0,0,0,2,2,101,0,24,4,2016,1,17,43,0,1,4,25,4,CR-41,,99998,28.40703333,-82.225725000000,0,12,2,0,1,1,0,1,1,1,0,1,0,0000000,99,99,99,99,99,99,0,0,0,1,0
12,120861,1,1,0,0,0,1,1,105,1690,1,5,2016,1,2,36,0,1,7,25,6,CARPENTERS WAY,,99998,28.09477500,-81.961688890000,0,34,0,0,1,1,0,4,3,10,0,10,0,0000000,99,99,99,99,99,99,0,0,0,1,1
12,120862,3,3,0,0,0,3,3,101,0,21,4,2016,5,16,0,0,2,4,1,2,US-19 ALT SR-595,,99998,28.17806111,-82.744811110000,0,12,1,0,1,1,0,1,1,1,0,1,0,0000000,99,99,99,99,99,99,0,0,0,1,0
12,120863,1,1,0,1,1,1,1,95,2360,21,4,2016,5,10,48,0,2,5,25,5,CENTRAL BLVD,,99998,28.54215556,-81.376830560000,0,8,0,0,1,1,0,1,1,1,0,1,0,0000000,99,99,99,99,99,99,0,0,0,1,0
12,120864,2,2,0,0,0,2,2,86,0,28,4,2016,5,20,20,0,2,3,25,7,SW 168TH ST,93RD CT,99998,25.61406667,-80.343986110000,0,12,2,0,2,3,0,1,2,1,0,1,0,0000000,99,99,99,99,99,99,0,0,0,1,0
12,120865,1,1,0,1,1,1,1,17,0,24,4,2016,1,2,15,1,1,3,1,2,US-19,,99998,28.95555556,-82.628333330000,0,8,0,0,1,1,0,1,2,1,0,1,0,0000000,99,99,99,99,88,88,0,0,0,1,0
12,120866,2,2,0,0,0,2,2,19,9997,2,5,2016,2,10,54,1,2,3,1,3,SR-21,LONDONDERRY DR,99998,30.13940556,-81.771352780000,0,12,6,0,2,2,0,1,1,1,0,1,0,0000000,99,99,99,99,99,99,0,0,0,1,0
12,120867,1,1,0,0,0,1,1,31,1510,8,5,2016,1,22,5,0,2,6,25,5,MEMORIAL PARK RD,,99998,30.30753056,-81.774730560000,0,35,0,0,1,1,0,4,3,1,0,1,0,0000000,99,99,99,99,88,88,0,0,0,1,1
12,120868,1,1,0,1,1,1,1,71,0,18,4,2016,2,21,38,0,1,7,25,6,LAREDO AVE,,99998,26.64563056,-81.808500000000,0,8,0,0,1,1,0,1,2,1,0,1,0,0000000,99,99,99,99,99,99,0,0,0,1,0
12,120869,2,2,0,0,0,2,2,103,0,29,4,2016,6,17,5,1,1,2,1,2,US-19A,94TH AVE,99998,27.85733611,-82.728877780000,0,1,0,1,2,2,0,1,1,1,0,1,0,0000000,99,99,99,99,99,99,0,0,0,1,1
12,120870,1,1,0,1,1,1,1,15,0,1,5,2016,1,0,1,1,1,3,1,3,SR-776,,99998,27.00830556,-82.159411110000,0,9,0,0,1,1,0,1,2,1,0,1,0,0000000,99,99,99,99,88,88,0,0,0,1,0
12,120871,2,2,0,0,0,4,4,57,0,30,4,2016,7,23,40,1,2,3,1,3,SR-508,REFLECTIONS CLUB DR,99998,27.99646111,-82.562830560000,0,1,0,0,2,3,0,1,3,1,0,1,0,0000000,99,99,99,99,88,88,0,0,0,1,0
12,120872,2,2,0,0,0,2,2,15,0,6,5,2016,6,2,31,1,1,1,1,1,I-75,,99998,26.93738056,-82.017897220000,0,12,1,0,1,1,0,1,3,1,0,1,0,0000000,99,99,99,99,88,88,0,0,0,1,0
12,120873,2,2,0,1,1,2,2,86,2010,30,4,2016,7,7,10,1,2,1,1,1,I-23,,99998,25.72789167,-80.383875000000,0,8,0,1,18,1,0,1,1,10,0,10,0,0000000,99,99,99,99,88,88,0,0,0,1,0
12,120874,1,1,0,0,0,1,1,85,0,1,5,2016,1,18,54,0,1,4,1,2,US-441,,99998,27.09964167,-80.657375000000,0,59,0,0,1,1,0,4,1,1,0,1,0,0000000,99,99,99,99,88,88,0,0,0,1,1
12,120875,1,1,0,1,1,1,1,11,2570,29,4,2016,6,13,22,1,2,1,1,1,I-95,,99998,26.23400000,-80.136213890000,0,8,0,1,5,1,0,8,1,1,0,1,0,0000000,99,99,99,99,99,99,0,0,0,1,0
12,120876,1,1,0,2,2,1,1,15,0,22,4,2016,6,7,15,0,1,5,25,5,APPLETON BLVD,BAY STATE DR,99998,26.87763889,-82.228061110000,0,8,0,0,3,2,0,1,4,1,0,1,0,0000000,99,99,99,99,99,99,0,0,0,1,0
12,120877,1,1,0,1,1,1,1,57,0,2,5,2016,2,4,45,1,2,1,1,1,I-75,,99998,27.72624167,-82.382805560000,0,8,0,0,1,1,0,1,1,1,0,1,0,0000000,99,99,99,99,88,88,0,0,0,1,0
12,120878,2,2,0,0,0,2,2,103,0,30,4,2016,7,5,49,1,2,3,1,2,US-19 SR-55,CR-816,99998,28.09360000,-82.739469440000,0,12,1,0,3,2,0,1,3,1,0,1,0,0000000,99,99,99,99,99,99,0,0,0,1,1
12,120879,1,1,0,0,0,1,1,21,0,28,4,2016,5,13,45,1,1,3,1,2,US-41,,99998,25.98669722,-81.570116670000,0,24,0,0,1,1,0,4,1,1,0,1,0,0000000,99,99,99,99,88,88,0,0,0,1,0
12,120880,1,1,0,1,1,1,1,101,0,25,4,2016,2,22,6,1,1,3,1,3,SR-52,,99998,28.32900833,-82.584180560000,0,8,0,0,1,1,0,4,2,1,0,1,0,0000000,99,99,99,99,99,99,0,0,0,1,0
12,120881,2,2,0,0,0,3,3,19,0,5,5,2016,5,21,59,1,1,3,1,3,SR-21,CR-315 C,99998,29.87733889,-81.926469440000,0,12,6,0,2,3,0,1,2,1,0,1,0,0000000,99,99,99,99,99,99,0,0,0,1,0
12,120882,1,1,0,1,1,1,1,31,1510,4,5,2016,4,10,11,0,1,5,25,5,POST ST,,99998,30.31547222,-81.682363890000,0,15,0,0,1,1,0,1,1,10,0,10,0,0000000,99,99,99,99,99,99,0,0,0,1,0
12,120883,1,1,0,0,0,2,2,105,0,23,4,2016,7,0,40,0,1,5,25,5,OLD DADE CITY RD,,99998,28.18977222,-82.022005560000,0,53,0,0,1,1,0,4,2,10,0,10,0,0000000,99,99,99,99,88,88,0,0,0,1,1
12,120884,1,1,0,0,0,1,1,9,0,5,5,2016,5,23,49,0,2,6,25,5,HOLDER RD,,99998,28.65638333,-80.865052780000,0,42,0,0,1,1,0,4,2,1,0,1,0,0000000,99,99,99,99,88,88,0,0,0,1,1
12,120885,3,3,0,0,0,5,5,81,0,6,5,2016,6,22,30,1,2,3,1,2,US-41,,99998,27.54738889,-82.563880560000,0,12,1,0,1,1,0,10,3,1,0,1,0,0000000,99,99,99,99,99,99,0,0,0,1,1
12,120886,1,1,0,1,1,1,1,71,0,29,4,2016,6,20,20,0,2,3,25,7,ALABAMA ROAD,,99998,26.56920000,-81.661811110000,0,15,0,0,1,1,0,1,5,10,0,10,0,0000000,99,99,99,99,99,99,0,0,0,1,0
12,120887,1,1,0,0,0,3,3,105,0,12,4,2016,3,23,40,1,1,3,1,3,SR-60,,99998,27.91040556,-81.683880560000,0,1,0,0,1,1,0,1,2,1,0,1,0,0000000,99,99,99,99,99,99,0,0,0,1,0
12,120888,2,2,0,0,0,2,2,105,1690,6,5,2016,6,0,1,1,2,3,1,3,SR-33,I-4 RAMP,99998,28.13927222,-81.902538890000,0,12,6,1,3,3,0,1,3,1,0,1,0,0000000,99,99,99,99,88,88,0,0,0,1,1
12,120889,1,1,0,1,1,1,1,86,0,15,4,2016,6,20,9,1,2,3,1,2,US-1,,99998,25.45518611,-80.475116670000,0,8,0,0,1,1,0,1,3,1,0,1,0,0000000,99,99,99,99,88,88,0,0,0,1,0
12,120890,1,1,0,1,1,1,1,31,1510,29,4,2016,6,21,25,1,2,1,1,1,I-95,,99998,30.29826944,-81.637838890000,0,8,0,0,1,1,4,1,2,1,0,1,0,0000000,99,99,99,99,88,88,0,0,0,1,0
12,120891,1,1,0,0,0,1,1,81,0,5,5,2016,5,2,5,1,2,3,1,2,US-41,,99998,27.41828333,-82.575447220000,0,30,0,0,1,1,0,4,2,1,0,1,0,0000000,99,99,99,99,99,99,0,0,0,1,1
12,120892,1,1,0,1,1,1,1,15,0,26,2,2016,6,20,5,0,1,5,25,5,SHEEHAN BLVD,,99998,27.01222222,-82.083611110000,0,9,0,0,1,1,0,1,3,1,0,1,0,0000000,99,99,99,99,99,99,0,0,0,1,0
12,120893,2,2,0,0,0,9,9,97,0,16,3,2016,4,1,48,1,2,3,1,2,US-192,,99998,28.31044444,-81.465766670000,0,12,1,0,1,1,0,1,3,1,0,1,0,0000000,99,99,99,99,99,99,0,0,0,1,1
12,120895,1,1,0,0,0,1,1,71,1070,26,4,2016,3,0,15,0,2,5,25,5,MICHIGAN AVE,SHOEMAKER BLVD,99998,26.64838889,-81.840241670000,0,30,0,0,3,2,0,4,3,10,0,10,0,0000000,99,99,99,99,99,99,0,0,0,1,1
12,120896,1,1,0,1,1,2,2,57,0,7,5,2016,7,21,17,1,2,3,1,3,SR-508,,23,28.01578056,-82.616411110000,0,8,0,0,1,1,0,1,2,1,0,1,0,0000000,99,99,99,99,88,88,0,0,0,1,0
12,120897,2,2,0,0,0,3,3,127,780,1,5,2016,1,16,49,1,2,3,1,3,SR-483,HANCOCK BLVD,99998,29.17338056,-81.040116670000,0,12,6,0,2,2,0,1,1,1,0,1,0,0000000,99,99,99,99,99,99,0,0,0,2,0
12,120898,1,1,0,0,0,2,2,95,0,8,5,2016,1,13,54,1,1,2,31,3,SR-528,,99998,28.45237778,-80.993986110000,0,1,0,0,1,1,0,5,1,1,0,1,0,0000000,99,99,99,99,99,99,0,0,0,1,0
12,120899,2,2,0,0,0,2,2,117,2770,9,5,2016,2,5,55,0,1,5,25,5,LAKE MARY BLVD,RED CLEVELAND BLVD,99998,28.75855278,-81.241577780000,0,12,2,0,2,3,0,1,4,1,0,1,0,0000000,99,99,99,99,99,99,0,0,0,1,0