STATE,ST_CASE,VE_TOTAL,VE_FORMS,PVH_INVL,PEDS,PERNOTMVIT,PERMVIT,PERSONS,COUNTY,CITY,DAY,MONTH,YEAR,DAY_WEEK,HOUR,MINUTE,NHS,RUR_URB,FUNC_SYS,RD_OWNER,ROUTE,TWAY_ID,TWAY_ID2,MILEPT,LATITUDE,LONGITUD,SP_JUR,HARM_EV,MAN_COLL,RELJCT1,RELJCT2,TYP_INT,WRK_ZONE,REL_ROAD,LGT_COND,WEATHER1,WEATHER2,WEATHER,SCH_BUS,RAIL,NOT_HOUR,NOT_MIN,ARR_HOUR,ARR_MIN,HOSP_HR,HOSP_MN,CF1,CF2,CF3,FATALS,DRUNK_DR
12,121452,1,1,0,0,0,1,1,57,0,13,7,2016,4,17,45,0,2,6,25,5,FALKENBURG RD,,99998,27.88612778,-82.358244440000,0,42,0,0,1,1,0,3,1,10,0,10,0,0000000,99,99,99,99,88,88,21,0,0,1,1
12,121453,1,1,0,0,0,1,1,101,0,8,7,2016,6,12,30,0,1,5,25,5,COUNTRY POINT BLVD,,99998,28.21985000,-82.304488890000,0,42,0,0,1,1,0,5,1,1,0,1,0,0000000,99,99,99,99,99,99,0,0,0,1,0
12,121454,1,1,0,1,1,1,1,97,2700,6,7,2016,4,21,39,0,1,5,98,4,CR-523 CANOE CREEK RD,,43,28.18376389,-81.285502780000,0,9,0,0,1,1,0,1,2,1,0,1,0,0000000,99,99,99,99,88,88,0,0,0,1,0
12,121455,1,1,0,1,1,3,3,91,835,11,7,2016,2,21,24,1,2,3,98,2,US-98,PALMETTO ST,99998,30.39476389,-86.507780560000,0,8,0,0,3,2,0,1,3,1,0,1,0,0000000,99,99,99,99,99,99,0,0,0,1,0
12,121458,2,2,0,0,0,3,3,17,0,6,7,2016,4,11,4,1,1,3,1,2,US-41,CITRUS SPRINGS BLVD,99998,29.01313056,-82.453861110000,0,12,2,0,2,2,0,1,1,1,0,1,0,0000000,99,99,99,99,99,99,0,0,0,1,0
12,121459,1,1,0,1,1,1,1,17,0,7,7,2016,5,7,50,1,1,3,1,2,US-19,,99998,29.02376389,-82.669241670000,0,8,0,0,1,1,0,1,1,1,0,1,0,0000000,99,99,99,99,88,88,0,0,0,1,0
12,121460,2,2,0,0,0,4,4,105,1690,9,7,2016,7,23,36,1,2,3,1,2,US-98,,99998,28.10607500,-81.973605560000,0,59,0,0,1,1,0,3,3,1,0,1,0,0000000,99,99,99,99,99,99,0,0,0,3,1
12,121461,1,1,0,0,0,1,1,105,0,4,7,2016,2,23,5,0,2,6,25,5,LAKE MARION CREEK RD,,99998,28.11791667,-81.544347220000,0,42,0,0,1,1,0,4,2,1,0,1,0,0000000,99,99,99,99,99,99,0,0,0,1,1
12,121462,2,2,0,0,0,2,2,105,0,22,6,2016,4,19,54,1,2,3,1,3,SR-60 W,ESPO DR,18,27.92113611,-82.027802780000,0,12,6,0,2,3,0,1,3,1,0,1,0,0000000,99,99,99,99,99,99,0,0,0,1,0
12,121463,1,1,0,0,0,2,2,105,0,20,6,2016,2,17,0,1,1,3,1,3,SR-33,,99998,28.17972222,-81.847150000000,0,1,0,0,1,1,0,4,1,1,0,1,0,0000000,99,99,99,99,88,88,0,0,0,2,0
12,121465,1,1,0,0,0,1,1,115,0,9,7,2016,7,6,5,1,1,3,1,3,SR-780,,99998,27.33838611,-82.449063890000,0,33,0,1,5,1,0,4,1,1,0,1,0,0000000,99,99,99,99,88,88,0,0,0,1,0
12,121467,1,1,0,0,0,1,1,101,0,6,7,2016,4,14,30,0,1,5,25,5,FLORRIE  MAE LANE,,99998,28.42171111,-82.217169440000,0,31,0,0,1,1,0,5,1,1,0,1,0,0000000,99,99,99,99,88,88,0,0,0,1,0
12,121468,1,1,0,0,0,1,1,17,0,13,7,2016,4,21,24,0,1,4,25,4,CR-488,,99998,28.97015556,-82.622816670000,0,59,0,0,1,1,0,4,2,1,0,1,0,0000000,23,24,23,34,88,88,0,0,0,1,0
12,121469,1,1,0,1,1,1,1,107,0,5,7,2016,3,13,25,1,1,3,1,2,US-17,MAIN ST,99998,29.49663333,-81.594552780000,0,9,0,0,3,2,0,1,1,10,0,10,0,0000000,99,99,99,99,99,99,0,0,0,1,0
12,121470,1,1,0,0,0,1,1,95,0,8,7,2016,6,15,40,0,2,7,25,6,ETHANS GLENN AVE,,99998,28.48738889,-81.324658330000,0,42,0,0,1,1,0,4,1,1,0,1,0,0000000,99,99,99,99,99,99,0,0,0,1,0
12,121471,2,2,0,0,0,3,3,1,0,6,7,2016,4,12,45,1,2,1,1,1,I-75 SB,,99998,29.66760000,-82.425555560000,0,12,1,0,1,1,0,1,1,1,0,1,0,0000000,99,99,99,99,88,88,0,0,0,1,0
12,121472,1,1,0,0,0,1,1,115,0,10,7,2016,1,1,8,1,1,3,1,3,SR-789A,,99998,27.28795000,-82.561219440000,0,43,0,0,1,1,0,4,3,10,0,10,0,0000000,99,99,99,99,99,99,0,0,0,1,1
12,121473,1,1,0,0,0,3,3,95,0,14,7,2016,5,3,25,0,1,6,25,5,FORT CHRISTMAS RD,,99998,28.60322500,-81.078580560000,0,1,0,0,1,1,0,4,2,1,0,1,0,0000000,99,99,99,99,99,99,0,0,0,2,1
12,121474,1,1,0,0,0,1,1,55,0,3,7,2016,1,3,50,1,1,2,1,2,US-98,,99998,27.43418889,-81.355011110000,0,32,0,0,1,1,0,5,2,1,0,1,0,0000000,99,99,99,99,99,99,0,0,0,1,1
12,121475,2,2,0,0,0,3,3,101,0,1,7,2016,6,15,35,0,2,4,98,4,CR-1,SR-52,99998,28.33100000,-82.666200000000,0,12,6,0,8,1,0,1,1,10,0,10,0,0000000,99,99,99,99,99,99,0,0,0,1,0
12,121476,1,1,0,0,0,1,1,11,1927,17,7,2016,1,2,30,0,2,5,25,5,ATLANTIC BLVD,,99998,26.23526389,-80.216172220000,0,42,0,0,1,1,0,4,3,1,0,1,0,0000000,99,99,99,99,88,88,0,0,0,1,0
12,121477,2,2,0,0,0,3,3,99,0,30,6,2016,5,21,32,1,1,3,1,3,SR-710,PRATT WHITNEY RD,99998,26.90303056,-80.290627780000,0,12,6,0,2,2,0,1,3,1,0,1,0,0000000,99,99,99,99,99,99,0,0,0,1,0
12,121478,1,1,0,1,1,4,4,127,0,10,7,2016,1,6,0,0,1,7,25,6,NAVAJO AVE,,99998,29.26463889,-81.112230560000,0,8,0,0,1,1,0,1,2,1,0,1,0,0000000,99,99,99,99,88,88,0,0,0,1,0
12,121479,1,1,0,0,0,1,1,95,0,18,6,2016,7,3,32,0,1,4,25,4,CR-420,OLD PICKET RD,99998,28.59137778,-81.112505560000,0,33,0,1,3,3,0,4,2,1,0,1,0,0000000,99,99,99,99,88,88,0,0,0,1,1
12,121480,2,2,0,0,0,3,3,9,0,6,7,2016,4,16,50,1,1,1,1,1,I-95,,99998,28.28623333,-80.735458330000,0,12,1,0,1,1,0,1,1,1,0,1,0,0000000,99,99,99,99,99,99,0,0,0,1,0
12,121481,1,1,0,0,0,1,1,11,771,2,7,2016,7,7,21,0,2,6,25,5,STIRLING RD,,99998,26.04622222,-80.220719440000,0,42,0,0,1,1,0,4,1,1,0,1,0,0000000,99,99,99,99,88,88,0,0,0,1,0
12,121482,2,2,0,0,0,3,3,15,945,7,4,2016,5,13,42,0,1,5,25,5,WINCHESTER BLVD,FRUITLAND AVE,99998,26.91666944,-82.304858330000,0,12,6,0,2,2,0,1,1,1,0,1,0,0000000,99,99,99,99,99,99,0,0,0,1,0
12,121483,2,2,0,0,0,3,3,71,457,12,4,2016,3,20,28,0,1,5,25,5,CHIQUITA BLVD,GLEASON PKWY,99998,26.59251667,-82.006941670000,0,12,6,0,2,2,0,1,3,1,0,1,0,0000000,99,99,99,99,99,99,0,0,0,1,0
12,121485,2,2,0,0,0,2,2,86,0,9,4,2016,7,19,10,1,2,3,1,3,SR-924,7TH AVE,99998,25.88367778,-80.210633330000,0,12,6,0,2,2,0,1,1,1,0,1,0,0000000,99,99,99,99,99,99,0,0,0,1,0
12,121486,1,1,0,0,0,1,1,86,2441,9,4,2016,7,19,31,0,2,7,25,6,169TH ST,,99998,25.61330278,-80.345802780000,0,1,0,0,1,1,0,1,1,1,0,1,0,0000000,99,99,99,99,99,99,0,0,0,1,0
12,121487,1,1,0,0,0,1,1,111,0,7,6,2016,3,23,15,0,1,5,25,5,SUNRISE BLVD,,99998,27.39906944,-80.344211110000,0,1,0,0,1,1,0,1,3,1,0,1,0,0000000,99,99,99,99,99,99,0,0,0,1,1
12,121488,1,1,0,0,0,1,1,81,340,11,6,2016,7,10,40,1,2,3,1,3,SR-684,CAPE VISTA DR,99998,27.46240556,-82.615861110000,0,46,0,1,3,2,0,4,1,1,0,1,0,0000000,99,99,99,99,99,99,0,0,0,1,0
12,121490,3,3,0,0,0,3,3,53,0,1,6,2016,4,12,0,1,1,3,1,3,SR-50,HIGHPOINT BLVD,99998,28.53348889,-82.528402780000,0,12,1,0,3,2,0,1,1,1,0,1,0,0000000,99,99,99,99,99,99,0,0,0,1,0
12,121491,1,1,0,1,1,1,1,111,2601,11,6,2016,7,14,33,0,1,5,25,5,GATLIN BLVD,,99998,27.26481111,-80.397516670000,0,8,0,0,1,1,0,1,1,10,0,10,0,0000000,99,99,99,99,99,99,0,0,0,1,0
12,121492,5,5,0,0,0,7,7,99,1190,14,6,2016,3,13,13,1,2,3,1,3,SR-882,RIVER BRIDGE BLVD,99998,26.65125000,-80.152930560000,0,12,1,0,3,2,0,1,1,1,0,1,0,0000000,99,99,99,99,99,99,0,0,0,1,0
12,121493,2,2,0,0,0,3,3,11,2219,3,7,2016,1,21,51,0,2,4,98,5,ROCK ISLAND RD,BAILEY RD,99998,26.20114167,-80.220000000000,0,12,6,0,2,2,0,1,3,1,0,1,0,0000000,99,99,99,99,99,99,0,0,0,1,0
12,121494,1,1,0,1,1,1,1,95,0,28,6,2016,3,23,8,0,2,6,25,5,MCCORMICK RD,,99998,28.62167500,-81.543416670000,0,9,0,0,1,1,0,4,2,1,0,1,0,0000000,99,99,99,99,99,99,0,0,0,1,0
12,121495,3,3,0,0,0,3,3,97,1590,5,7,2016,3,3,40,0,2,6,25,5,FORTUNE RD,,99998,28.30431944,-81.356175000000,0,12,1,0,1,1,0,1,2,1,0,1,0,0000000,99,99,99,99,88,88,0,0,0,1,0
12,121496,2,2,0,0,0,2,2,11,1420,19,6,2016,1,18,46,0,2,5,25,5,26TH AVE,WILEY CT,99998,25.99926111,-80.158836110000,0,1,0,0,2,3,0,1,1,10,0,10,0,0000000,99,99,99,99,99,99,0,0,0,1,0
12,121497,2,2,0,0,0,2,2,57,0,17,7,2016,1,5,42,0,1,4,25,4,CR-574,,99998,27.97234722,-82.338566670000,0,12,2,0,1,1,0,1,2,1,0,1,0,0000000,99,99,99,99,99,99,0,0,0,1,0
12,121498,1,1,0,0,0,1,1,131,0,18,7,2016,2,1,30,1,2,3,1,2,US-98,,21,30.38358056,-86.361136110000,0,1,0,0,1,1,0,1,2,1,0,1,0,0000000,99,99,99,99,88,88,0,0,0,1,1
12,121499,1,1,0,1,1,2,2,127,0,17,7,2016,1,5,30,1,1,1,1,1,I-95,,99998,29.20446944,-81.097638890000,0,8,0,0,1,1,0,1,2,1,0,1,0,0000000,99,99,99,99,88,88,23,0,0,1,0
12,121500,2,2,0,0,0,2,2,27,0,9,7,2016,7,23,35,1,1,3,1,3,SR-70,SE TOWNSEND AVE,99998,27.20880000,-81.817230560000,0,12,2,0,1,1,0,1,2,1,0,1,0,0000000,99,99,99,99,88,88,0,0,0,1,1
12,121501,1,1,0,1,1,1,1,117,0,17,7,2016,1,9,20,0,1,5,25,5,LAKE HOWELL RD,,99998,28.63711944,-81.324250000000,0,9,0,0,1,1,0,1,1,1,0,1,0,0000000,99,99,99,99,99,99,0,0,0,1,0
12,121502,1,1,0,0,0,2,2,1,1620,13,7,2016,4,20,42,1,1,3,1,3,SR-235,,99998,29.83091111,-82.418480560000,0,1,0,0,1,1,0,4,5,1,0,1,0,0000000,99,99,99,99,99,99,0,0,0,1,0
12,121503,1,1,0,1,1,1,1,91,0,17,7,2016,1,0,30,1,1,3,1,3,SR-189,PAMELA  ANN DR,99998,30.47385000,-86.600919440000,0,8,0,0,1,1,0,1,2,1,0,1,0,0000000,99,99,99,99,88,88,0,0,0,1,0
12,121504,1,1,0,0,0,3,3,103,0,31,3,2016,5,3,40,1,2,3,1,3,SR-600,,99998,27.86427778,-82.639944440000,0,3,0,0,1,1,0,5,2,1,0,1,0,0000000,99,99,99,99,88,88,0,0,0,3,1
12,121505,2,2,0,0,0,6,6,83,2270,12,7,2016,3,20,8,1,2,3,1,3,SR-200,SW 19TH AVE,99998,29.17473056,-82.157819440000,0,12,6,0,8,1,0,1,5,1,0,1,0,0000000,99,99,99,99,99,99,0,0,0,1,0
12,121506,2,2,0,1,1,4,4,103,570,28,6,2016,3,21,15,1,2,3,1,3,SR-60,,99998,27.96087500,-82.789711110000,0,8,0,0,1,1,0,1,3,10,0,10,0,0000000,99,99,99,99,88,88,0,0,0,1,0
12,121507,1,1,0,0,0,1,1,11,771,7,7,2016,5,19,29,1,1,3,1,3,SR-84,,99998,26.09295000,-80.226977780000,0,33,0,0,1,1,0,3,1,1,0,1,0,0000000,99,99,99,99,99,99,0,0,0,1,0
12,121509,2,2,0,0,0,3,3,17,0,13,7,2016,4,8,0,0,1,4,25,4,CR-491,HOPKINS LN,99998,28.74908611,-82.451988890000,0,12,2,0,1,1,0,1,1,1,0,1,0,0000000,99,99,99,99,99,99,0,0,0,1,0
12,121510,2,2,0,0,0,3,3,103,2530,12,7,2016,3,1,50,1,2,3,1,3,SR-55,,99998,27.85459722,-82.694800000000,0,12,1,0,1,1,4,1,3,1,0,1,0,0000000,99,99,99,99,99,99,0,0,0,1,1
12,121511,1,1,0,1,1,1,1,86,2010,15,3,2016,3,19,55,1,2,3,1,3,SR-933,,99998,25.80497222,-80.215480560000,0,8,0,0,1,1,0,1,3,1,0,1,0,0000000,99,99,99,99,99,99,0,0,0,1,0
12,121512,1,1,0,0,0,1,1,9,1990,29,3,2016,3,10,41,1,2,3,1,3,SR-507,,99998,28.05134722,-80.621483330000,0,33,0,0,1,1,0,4,1,10,0,10,0,0000000,99,99,99,99,88,88,0,0,0,1,0
12,121513,1,1,0,1,1,2,2,69,1820,28,3,2016,2,4,12,1,2,3,1,2,US-27,,99998,28.84145556,-81.894908330000,0,8,0,0,1,1,0,1,3,10,0,10,0,0000000,99,99,99,99,99,99,0,0,0,1,0
12,121514,2,1,1,0,0,1,1,86,2010,19,3,2016,7,5,0,0,1,5,25,5,2ND ST,6TH CT,99998,25.76884167,-80.299144440000,0,14,0,0,3,6,4,5,4,1,0,1,0,0000000,99,99,99,99,88,88,0,0,0,1,0
12,121515,2,2,0,0,0,2,2,86,2010,20,3,2016,1,2,16,1,2,3,1,3,SR-968,52 AVE,99998,25.77112778,-80.279900000000,0,12,1,0,3,3,0,1,3,1,0,1,0,0000000,99,99,99,99,99,99,0,0,0,1,0
12,121516,1,1,0,0,0,1,1,11,771,15,4,2016,6,1,42,0,2,5,25,5,OAKES RD,4600 OAKES RD,99998,26.07744722,-80.208241670000,0,1,0,0,3,3,0,1,3,1,0,1,0,0000000,99,99,99,99,99,99,0,0,0,1,0
12,121517,1,1,0,0,0,1,1,86,0,10,7,2016,1,20,8,0,2,7,25,6,146TH AVE,,99998,25.70999167,-80.429563890000,0,42,0,0,1,1,0,3,5,1,0,1,0,0000000,99,99,99,99,99,99,0,0,0,1,0
12,121519,1,1,0,0,0,1,1,97,0,16,7,2016,7,18,33,1,1,3,1,2,US-441,,99998,28.09178889,-81.074105560000,0,1,0,0,1,1,0,4,1,1,0,1,0,0000000,99,99,99,99,99,99,0,0,0,1,0
12,121520,1,1,0,1,1,1,1,86,2010,18,7,2016,2,8,11,0,1,5,25,5,SW 1ST ST,SW 12TH AVE,99998,25.77253333,-80.214533330000,0,8,0,0,3,2,0,1,1,1,0,1,0,0000000,99,99,99,99,99,99,0,0,0,1,0
12,121521,1,1,0,1,1,1,1,71,1070,22,7,2016,6,20,48,0,2,5,25,5,COLONIAL BLVD,,99998,26.61264167,-81.810366670000,0,8,0,0,1,1,0,1,3,1,0,1,0,0000000,99,99,99,99,99,99,0,0,0,1,0
12,121522,2,2,0,0,0,2,2,81,0,4,7,2016,2,4,27,1,2,3,1,2,US-41,23RD ST E,99998,27.53400000,-82.561300000000,0,12,1,0,3,2,0,1,3,1,0,1,0,0000000,99,99,99,99,99,99,0,0,0,1,0
12,121523,2,2,0,0,0,3,3,55,0,12,7,2016,3,18,55,1,2,3,1,2,US-27,RALEY RD,99998,27.45632500,-81.424447220000,0,12,6,1,2,3,0,1,5,10,0,10,0,0000000,99,99,99,99,99,99,0,0,0,1,0
12,121524,2,2,0,0,0,2,2,81,0,19,7,2016,3,23,25,1,1,1,1,1,I-75,,99998,27.50548056,-82.487888890000,0,12,7,0,1,1,0,1,2,1,0,1,0,0000000,99,99,99,99,99,99,0,0,0,1,0
12,121525,2,2,0,0,0,2,2,86,0,12,7,2016,3,12,6,0,1,5,25,5,72ND ST,SW 149TH CT,99998,25.69919722,-80.435747220000,0,12,2,0,3,3,0,1,1,1,0,1,0,0000000,99,99,99,99,88,88,0,0,0,1,0
12,121526,2,2,0,0,0,3,3,83,2270,3,6,2016,6,22,35,1,2,3,1,3,SR-464,,99998,29.16448889,-82.095830560000,0,12,1,0,1,1,0,1,2,10,0,10,0,0000000,99,99,99,99,99,99,0,0,0,1,2
12,121527,1,1,0,0,0,2,2,55,0,19,7,2016,3,21,47,1,1,2,1,2,US-27,,99998,27.52152500,-81.497497220000,0,42,0,0,1,1,0,5,3,10,0,10,0,0000000,99,99,99,99,99,99,0,0,0,1,1
12,121528,2,2,0,0,0,3,3,69,0,17,7,2016,1,1,52,1,2,3,1,2,US-27,,99998,28.37616389,-81.685886110000,0,12,1,0,1,1,0,1,3,1,0,1,0,0000000,99,99,99,99,88,88,0,0,0,2,1
12,121529,3,3,0,0,0,5,5,9,0,17,7,2016,1,16,20,1,1,1,1,1,I-95,,99998,28.25870278,-80.726838890000,0,12,1,0,1,1,0,1,1,1,0,1,0,0000000,99,99,99,99,88,88,0,0,0,1,0
12,121530,1,1,0,1,1,1,1,89,0,18,7,2016,2,3,46,1,1,3,1,2,US-1,,99998,30.67311667,-81.900319440000,0,8,0,0,1,1,0,1,3,1,0,1,0,0000000,99,99,99,99,88,88,0,0,0,1,0
12,121531,2,2,0,0,0,2,2,86,2220,15,7,2016,6,21,20,0,2,4,1,3,SR-922,7TH AVE NE,99998,25.89035000,-80.184450000000,0,12,6,0,3,2,0,1,3,2,0,2,0,0000000,99,99,99,99,99,99,0,0,0,1,0
12,121532,1,1,0,0,0,1,1,15,0,25,7,2016,2,7,59,0,1,4,25,4,CR-765,,99998,26.84121111,-82.021583330000,0,42,0,0,1,1,0,5,1,1,0,1,0,0000000,99,99,99,99,88,88,0,0,0,1,0
12,121533,1,1,0,1,1,2,2,81,0,24,3,2016,5,20,35,1,2,3,1,2,US-41,,99998,27.43485000,-82.575419440000,0,8,0,0,1,1,0,1,3,1,0,1,0,0000000,99,99,99,99,88,88,0,0,0,1,0
12,121535,1,1,0,0,0,3,3,121,0,18,7,2016,2,2,50,0,2,6,25,5,45TH RD,,99998,30.15185000,-82.837100000000,0,1,0,0,1,1,0,4,2,10,0,10,0,0000000,99,99,99,99,99,99,0,0,0,2,1
12,121536,3,3,0,0,0,3,3,101,0,15,7,2016,6,13,30,1,1,3,1,3,SR-581,SR-54,99998,28.23618889,-82.349830560000,0,12,6,1,2,2,0,1,1,1,0,1,0,0000000,13,32,13,33,88,88,0,0,0,1,0
12,121537,2,2,0,0,0,2,2,89,0,20,7,2016,4,0,52,1,1,3,3,2,US-17,CRANDALL ROAD,99998,30.66756944,-81.638347220000,0,12,2,0,1,1,0,1,2,1,0,1,0,0000000,99,99,99,99,99,99,0,0,0,2,1
12,121538,1,1,0,0,0,1,1,9,0,23,7,2016,7,17,55,1,2,3,1,2,US-1,KINGS HIGHWAY,99998,28.49393333,-80.778455560000,0,53,0,0,1,1,0,5,1,10,0,10,0,0000000,99,99,99,99,99,99,0,0,0,1,1
12,121539,1,1,0,0,0,1,1,83,0,18,6,2016,7,20,50,0,1,4,25,4,CR-42,,99998,28.96645278,-81.660450000000,0,38,0,0,1,1,0,4,2,1,0,1,0,0000000,99,99,99,99,88,88,0,0,0,1,0
12,121540,2,2,0,0,0,2,2,11,1420,15,7,2016,6,20,54,1,2,3,1,3,SR-822,52ND AV,7,26.03250000,-80.196197220000,0,12,6,0,2,4,0,1,3,10,0,10,0,0000000,99,99,99,99,99,99,0,0,0,1,0
12,121541,1,1,0,0,0,4,4,127,0,15,7,2016,6,8,33,1,1,1,1,1,I-95,,99998,28.82643056,-80.909780560000,0,38,0,0,1,1,0,5,1,1,0,1,0,0000000,99,99,99,99,88,88,0,0,0,4,1
12,121542,1,1,0,1,1,1,1,97,0,22,7,2016,6,21,31,0,1,7,25,6,MARIGOLD AVE,,99998,28.16373056,-81.471227780000,0,8,0,0,1,1,0,1,2,10,0,10,0,0000000,99,99,99,99,88,88,0,0,0,1,0
12,121543,1,1,0,0,0,1,1,105,1690,11,3,2016,6,22,36,0,2,7,25,6,HIGHLAND DR E,,99998,27.98571389,-81.948955560000,0,1,0,0,1,1,0,1,3,1,0,1,0,0000000,99,99,99,99,88,88,0,0,0,1,1
12,121544,1,1,0,0,0,1,1,86,0,27,3,2016,1,11,40,1,1,3,1,2,US-27,,99998,25.92686111,-80.420800000000,0,1,0,0,1,1,0,2,1,1,0,1,0,0000000,99,99,99,99,99,99,0,0,0,1,0
12,121545,2,2,0,0,0,2,2,57,0,23,7,2016,7,1,40,1,2,3,1,2,US-41 SR-45,,99998,27.91416111,-82.401919440000,0,12,1,0,1,1,0,1,3,1,0,1,0,0000000,99,99,99,99,99,99,0,0,0,1,1
12,121546,2,2,0,0,0,3,3,53,0,22,7,2016,6,12,13,1,1,3,1,2,US-98,CR-491,99998,28.65095000,-82.446930560000,0,12,6,1,2,2,0,1,1,10,0,10,0,0000000,99,99,99,99,88,88,0,0,0,2,0
12,121547,1,1,0,0,0,2,2,61,0,23,7,2016,7,0,35,0,1,7,25,6,104TH AVE,,99998,27.75185833,-80.539986110000,0,5,0,0,1,1,0,1,2,1,0,1,0,0000000,99,99,99,99,99,99,0,0,0,1,0
12,121548,1,1,0,0,0,1,1,71,0,12,7,2016,3,1,39,0,1,7,25,6,BEN HILL GRIFFIN PKWY,,99998,26.46323056,-81.784938890000,0,42,0,0,1,1,0,3,2,10,0,10,0,0000000,99,99,99,99,88,88,0,0,0,1,1
12,121549,1,1,0,1,1,1,1,115,0,22,7,2016,6,22,32,1,1,3,1,3,SR-776,,99998,26.96393056,-82.353050000000,0,8,0,0,1,1,0,1,3,2,0,2,0,0000000,99,99,99,99,88,88,0,0,0,1,0
12,121550,2,2,0,0,0,3,3,101,0,14,7,2016,5,17,35,1,1,3,1,3,SR-52,HAYS RD,99998,28.32991944,-82.569080560000,0,12,6,0,2,3,0,1,1,10,0,10,0,0000000,99,99,99,99,99,99,0,0,0,1,0
12,121551,1,1,0,0,0,2,2,5,0,25,7,2016,2,22,37,0,2,6,25,4,CR-747,,0,30.15885000,-85.753188890000,0,30,0,0,1,1,0,4,3,1,0,1,0,0000000,99,99,99,99,99,99,0,0,0,1,1
12,121552,1,1,0,0,0,1,1,101,0,10,7,2016,1,23,13,0,2,4,98,4,CR-1,,99998,28.24023611,-82.674138890000,0,24,0,0,1,1,0,3,2,1,0,1,0,0000000,99,99,99,99,99,99,0,0,0,1,1
12,121553,1,1,0,1,1,2,2,35,410,10,7,2016,1,9,54,1,2,2,1,2,US-1,,99998,29.49232778,-81.265386110000,0,8,0,0,1,1,0,1,1,1,0,1,0,0000000,99,99,99,99,99,99,0,0,0,1,0
12,121554,1,1,0,0,0,1,1,86,0,15,7,2016,6,20,53,1,2,1,1,1,I-95,,99998,25.90644722,-80.210202780000,0,25,0,0,1,1,0,3,3,10,0,10,0,0000000,99,99,99,99,88,88,0,0,0,1,0
12,121555,1,1,0,0,0,2,2,57,0,23,7,2016,7,19,55,0,2,6,25,5,COOPER RD,,99998,28.07410278,-82.216327780000,0,53,0,0,1,1,0,5,5,1,0,1,0,0000000,99,99,99,99,99,99,0,0,0,1,0
12,121556,5,5,0,0,0,6,6,105,1690,20,7,2016,4,22,56,1,2,3,1,2,US-92,KETTLES AVE,99998,28.05501111,-81.963516670000,0,12,1,0,3,3,0,1,3,1,0,1,0,0000000,99,99,99,99,99,99,0,0,0,1,0
12,121557,5,4,1,0,0,4,4,101,2180,24,7,2016,1,0,0,1,2,3,1,2,US-19,MAIN ST,99998,28.25016111,-82.727650000000,0,12,1,0,3,2,0,1,3,2,0,2,0,0000000,99,99,99,99,99,99,0,0,0,1,1
12,121558,1,1,0,0,0,1,1,86,0,18,7,2016,2,17,26,0,1,5,25,5,41ST STREET,,99998,25.81158889,-80.317583330000,0,1,0,0,1,1,0,1,1,1,0,1,0,0000000,99,99,99,99,99,99,0,0,0,1,0
12,121559,1,1,0,0,0,1,1,57,0,24,7,2016,1,18,0,1,2,1,1,1,I-75,,99998,27.71970000,-82.383583330000,0,1,0,0,1,1,0,4,1,1,0,1,0,0000000,99,99,99,99,99,99,0,0,0,1,0
12,121560,2,2,0,0,0,2,2,86,2010,22,7,2016,6,15,47,0,2,5,25,5,1ST AVE,,99998,25.77261389,-80.190194440000,0,12,1,0,8,1,0,1,1,2,0,2,0,0000000,99,99,99,99,99,99,0,0,0,1,0
12,121561,2,2,0,0,0,6,6,17,0,27,7,2016,4,8,25,0,1,4,25,4,CR-491,OAK PARK BLVD,99998,28.69843056,-82.451461110000,0,12,6,0,2,2,0,1,1,1,0,1,0,0000000,99,99,99,99,99,99,0,0,0,1,0
12,121562,1,1,0,1,1,1,1,9,0,21,7,2016,5,16,55,1,2,3,1,2,US-1,,99998,27.85671111,-80.491850000000,0,9,0,0,1,1,0,1,1,1,0,1,0,0000000,99,99,99,99,88,88,0,0,0,1,0
12,121564,2,2,0,0,0,2,2,11,2570,19,6,2016,1,15,37,1,2,3,1,2,US-1,2ND ST,99998,26.23360833,-80.102855560000,0,12,6,0,3,2,0,1,1,10,0,10,0,0000000,99,99,99,99,99,99,0,0,0,1,0
12,121565,3,3,0,0,0,3,3,103,570,21,6,2016,3,1,46,0,2,5,25,5,S BELCHER RD,GULF TO BAY BLVD,99998,27.96058611,-82.746136110000,0,12,6,0,2,2,0,1,3,1,0,1,0,0000000,99,99,99,99,99,99,0,0,0,1,1
12,121566,1,1,0,0,0,1,1,9,620,14,7,2016,5,23,7,1,2,3,1,3,SR-528,,99998,28.40729722,-80.789113890000,0,24,0,8,98,1,0,3,2,1,0,1,0,0000000,99,99,99,99,88,88,0,0,0,1,0