STATE,ST_CASE,VE_TOTAL,VE_FORMS,PVH_INVL,PEDS,PERNOTMVIT,PERMVIT,PERSONS,COUNTY,CITY,DAY,MONTH,YEAR,DAY_WEEK,HOUR,MINUTE,NHS,RUR_URB,FUNC_SYS,RD_OWNER,ROUTE,TWAY_ID,TWAY_ID2,MILEPT,LATITUDE,LONGITUD,SP_JUR,HARM_EV,MAN_COLL,RELJCT1,RELJCT2,TYP_INT,WRK_ZONE,REL_ROAD,LGT_COND,WEATHER1,WEATHER2,WEATHER,SCH_BUS,RAIL,NOT_HOUR,NOT_MIN,ARR_HOUR,ARR_MIN,HOSP_HR,HOSP_MN,CF1,CF2,CF3,FATALS,DRUNK_DR
12,121676,2,2,0,0,0,2,2,86,2040,28,6,2016,3,13,45,1,2,3,1,3,SR-948,MINOLA DR,99998,25.80802500,-80.275408330000,0,12,6,0,2,3,0,1,1,2,0,2,0,0000000,99,99,99,99,99,99,0,0,0,1,0
12,121677,2,2,0,0,0,3,3,11,1927,3,7,2016,1,18,48,1,2,3,1,3,SR-814,PALM LAKES PLAZA,99998,26.23532500,-80.204880560000,0,12,6,0,2,2,0,1,1,1,0,1,0,0000000,99,99,99,99,99,99,0,0,0,1,0
12,121678,1,1,0,0,0,2,2,11,790,20,7,2016,4,10,20,1,2,3,1,3,SR-845,,99998,26.31852500,-80.152702780000,0,30,0,0,1,1,0,4,1,1,0,1,0,0000000,99,99,99,99,99,99,0,0,0,1,0
12,121679,1,1,0,1,1,2,2,91,2200,15,7,2016,6,21,31,1,2,3,98,3,SR-20 JOHN SIMS PKWY,,99998,30.51592500,-86.466130560000,0,8,0,0,1,1,0,1,2,1,0,1,0,0000000,99,99,99,99,99,99,0,0,0,1,0
12,121680,1,1,0,0,0,2,2,5,0,30,7,2016,7,5,25,0,2,7,25,5,RESOTA BEACH RD,RESOTA LN,99998,30.28585000,-85.600150000000,0,42,0,0,3,4,0,4,4,1,0,1,0,0000000,99,99,99,99,99,99,0,0,0,1,0
12,121682,1,1,0,0,0,1,1,99,1720,22,5,2016,1,16,44,0,2,5,25,5,CONGRESS AVENUE,,99998,26.53238056,-80.090311110000,0,31,0,0,1,1,0,3,1,1,0,1,0,0000000,99,99,99,99,99,99,0,0,0,1,0
12,121683,1,1,0,0,0,1,1,99,0,16,4,2016,7,16,29,0,1,7,25,6,WINTERHAWK TRL,,99998,26.94238889,-80.210758330000,0,1,0,0,1,1,0,1,1,10,0,10,0,0000000,99,99,99,99,99,99,0,0,0,1,1
12,121684,2,1,1,0,0,1,1,99,112,30,3,2016,4,5,17,0,2,5,25,5,CONGRESS AVE,,99998,26.59381111,-80.093288890000,0,33,0,0,1,1,0,3,3,2,0,2,0,0000000,99,99,99,99,88,88,14,0,0,1,1
12,121685,1,1,0,0,0,1,1,99,2674,25,3,2016,6,19,3,1,2,3,1,2,US-98,SOUTHERN BOULEVARD,99998,26.68132222,-80.230191670000,0,1,0,0,8,1,0,1,3,10,0,10,0,0000000,99,99,99,99,99,99,0,0,0,1,0
12,121686,1,1,0,0,0,1,1,81,3148,15,8,2016,2,4,1,1,2,3,1,2,US-41,,99998,27.48355833,-82.563283330000,0,30,0,0,1,1,0,4,3,1,0,1,0,0000000,99,99,99,99,88,88,0,0,0,1,1
12,121687,1,1,0,1,1,1,1,113,0,10,8,2016,4,22,13,0,1,5,25,5,ESPLANADE ST,,99998,30.40668056,-86.868780560000,0,8,0,0,8,1,0,1,2,2,0,2,0,0000000,99,99,99,99,99,99,0,0,0,1,1
12,121688,1,1,0,1,1,1,1,31,110,12,8,2016,6,23,24,1,2,3,1,3,SR-10,,99998,30.32451111,-81.415280560000,0,8,0,1,18,1,0,1,3,1,0,1,0,0000000,99,99,99,99,88,88,0,0,0,1,0
12,121689,2,2,0,0,0,3,3,1,0,10,8,2016,4,6,48,0,2,4,25,5,75TH ST,36TH AVE,99998,29.62115000,-82.422519440000,0,12,6,0,2,2,0,1,4,1,0,1,0,0000000,99,99,99,99,99,99,0,0,0,1,0
12,121690,2,2,0,0,0,2,2,99,290,8,4,2016,6,19,6,0,1,5,25,5,BOYNTON BEACH BLVD,NW 6TH ST,99998,26.35583056,-80.089866670000,0,12,1,0,2,2,0,1,1,1,0,1,0,0000000,99,99,99,99,88,88,0,0,0,1,0
12,121691,1,1,0,1,1,1,1,71,1070,11,8,2016,5,8,21,0,1,7,25,6,BONITA DR,NOTTINGHAM LN,99998,26.34932778,-81.774063890000,0,9,0,1,3,3,0,1,1,1,0,1,0,0000000,99,99,99,99,99,99,0,0,0,1,0
12,121692,1,1,0,0,0,1,1,99,0,30,4,2016,7,8,18,0,1,5,25,5,SW 3RD ST,LYONS RD,99998,26.34418889,-80.188400000000,0,33,0,0,3,2,0,4,3,1,0,1,0,0000000,99,99,99,99,88,88,0,0,0,1,1
12,121693,1,1,0,1,1,1,1,11,771,3,8,2016,4,6,30,1,2,3,1,3,SR-817,,99998,26.03320833,-80.248727780000,0,8,0,0,1,1,0,1,3,10,0,10,0,0000000,99,99,99,99,88,88,0,0,0,1,0
12,121694,1,1,0,1,1,1,1,11,633,16,7,2016,7,20,50,0,2,6,25,5,LYONS RD,,99998,26.29643889,-80.186369440000,0,8,0,0,1,1,0,1,3,1,0,1,0,0000000,99,99,99,99,99,99,0,0,0,1,0
12,121695,2,2,0,0,0,4,4,105,0,30,6,2016,5,17,50,1,1,3,1,3,SR-33,MT OLIVE RD,99998,28.16148056,-81.858319440000,0,12,6,1,2,3,0,1,1,1,0,1,0,0000000,99,99,99,99,99,99,0,0,0,1,0
12,121696,1,1,0,0,0,1,1,103,0,30,7,2016,7,21,15,0,1,7,25,6,KERNWOOD CT,KNOB VIEW WAY,99998,28.12659167,-82.712102780000,0,42,0,1,3,3,0,4,3,1,0,1,0,0000000,99,99,99,99,99,99,0,0,0,1,0
12,121697,1,1,0,0,0,1,1,99,0,21,4,2016,5,15,50,0,1,7,25,6,PALM GREENS WAY,,99998,26.48321389,-80.131230560000,0,30,0,0,1,1,0,4,1,1,0,1,0,0000000,99,99,99,99,99,99,0,0,0,1,0
12,121698,2,2,0,0,0,2,2,99,0,23,5,2016,2,17,47,1,1,3,1,3,SR-806,7205 ATLANTIC AVE,99998,26.46166111,-80.073113890000,0,12,6,0,2,3,0,1,1,1,0,1,0,0000000,99,99,99,99,99,99,0,0,0,1,0
12,121699,1,1,0,0,0,1,1,57,0,7,8,2016,1,5,58,1,2,1,1,1,I-75,,99998,28.05365833,-82.357047220000,0,42,0,0,5,1,0,5,3,10,0,10,0,0000000,99,99,99,99,88,88,0,0,0,1,1
12,121700,1,1,0,1,1,1,1,97,2700,11,2,2016,5,22,9,1,2,3,1,3,SR-500,,99998,28.24597222,-81.251625000000,0,8,0,0,1,1,4,1,2,10,0,10,0,0000000,99,99,99,99,99,99,0,0,0,1,0
12,121701,1,1,0,0,0,1,1,86,0,7,8,2016,1,5,10,1,2,2,1,3,SR-874 RAMP,,99998,25.72848333,-80.318647220000,0,38,0,1,5,1,0,5,3,2,0,2,0,0000000,99,99,99,99,99,99,0,0,0,1,1
12,121702,1,1,0,0,0,1,1,61,0,17,7,2016,1,17,17,1,1,3,1,3,SR-91,,99998,27.56017778,-80.763441670000,0,1,0,0,1,1,0,4,1,1,0,1,0,0000000,99,99,99,99,99,99,0,0,0,1,0
12,121703,2,2,0,0,0,5,5,69,0,6,8,2016,7,23,19,0,1,4,25,4,CR-44A,JOHNS LN,99998,28.87687778,-81.519905560000,0,12,6,0,2,3,0,1,2,1,0,1,0,0000000,99,99,99,99,99,99,0,0,0,1,1
12,121704,3,3,0,0,0,8,8,81,0,4,8,2016,5,20,38,1,2,3,1,2,US-41 SR-45 14TH ST W,SR-70,99998,27.44769444,-82.575369440000,0,12,6,0,2,2,0,1,3,10,0,10,0,0000000,99,99,99,99,99,99,14,0,0,1,0
12,121705,1,1,0,0,0,2,2,31,1510,24,6,2016,6,2,35,1,2,3,1,3,SR-115 RAMP,,99998,30.32377222,-81.561447220000,0,25,0,1,5,1,0,4,3,1,0,1,0,0000000,99,99,99,99,88,88,0,0,0,2,1
12,121706,1,1,0,1,1,2,2,115,2780,9,8,2016,3,13,20,0,2,4,25,4,CR-773,,99998,27.26573056,-82.497630560000,0,8,0,0,1,1,0,1,1,2,0,2,0,0000000,99,99,99,99,99,99,0,0,0,1,0
12,121707,3,3,0,0,0,8,8,23,1660,9,8,2016,3,11,30,1,1,1,1,1,I-10,,99998,30.24255000,-82.650669440000,0,12,1,0,1,1,0,1,1,2,0,2,0,0000000,99,99,99,99,99,99,14,0,0,1,0
12,121708,1,1,0,1,1,1,1,57,2950,13,8,2016,7,2,53,0,2,5,25,5,50TH ST,BROADWAY AVE,99998,27.96185278,-82.401902780000,0,8,0,0,1,1,0,1,2,1,0,1,0,0000000,99,99,99,99,88,88,0,0,0,1,0
12,121710,2,2,0,0,0,2,2,51,0,28,7,2016,5,21,48,1,1,3,1,3,SR-29,,99998,26.60599722,-81.436591670000,0,12,8,0,1,1,0,1,2,1,0,1,0,0000000,99,99,99,99,88,88,0,0,0,1,0
12,121711,3,3,0,0,0,4,4,87,0,1,8,2016,2,20,43,1,2,3,1,2,US-1,,99998,24.65585000,-81.537050000000,0,12,1,0,1,1,0,1,2,1,0,1,0,0000000,99,99,99,99,99,99,0,0,0,1,1
12,121712,1,1,0,1,1,1,1,87,1505,7,8,2016,1,23,10,1,2,3,1,2,US-1,,99998,24.85281111,-80.735030560000,0,8,0,0,1,1,0,1,2,1,0,1,0,0000000,99,99,99,99,99,99,0,0,0,1,0
12,121713,1,1,0,1,1,1,1,71,0,15,7,2016,6,7,0,0,1,4,25,4,CR-767,MARINA ROAD,99998,26.63598611,-82.124911110000,0,32,0,0,3,2,0,4,1,1,0,1,0,0000000,99,99,99,99,99,99,0,0,0,1,0
12,121714,2,2,0,0,0,2,2,23,0,7,8,2016,1,16,5,1,1,1,1,1,I-75,,99998,30.17976389,-82.688441670000,0,12,6,0,1,1,0,1,1,2,0,2,0,0000000,99,99,99,99,99,99,0,0,0,1,0
12,121715,2,2,0,0,0,2,2,31,1510,3,8,2016,4,2,26,1,2,1,1,1,I-95,,99998,30.13637778,-81.535805560000,0,12,1,0,1,1,0,1,3,10,0,10,0,0000000,99,99,99,99,88,88,0,0,0,1,1
12,121716,2,2,0,0,0,2,2,57,2950,16,8,2016,3,20,5,0,2,3,25,6,BUSCH BLVD,BROOKS ST,99998,28.03278333,-82.445511110000,0,12,6,0,2,2,0,1,3,1,0,1,0,0000000,99,99,99,99,99,99,0,0,0,1,0
12,121717,2,2,0,0,0,2,2,69,0,8,8,2016,2,18,25,0,1,4,25,4,CR-44A,THRILL HILL RD,99998,28.87331389,-81.618102780000,0,12,6,1,2,2,0,1,1,10,0,10,0,0000000,18,27,18,33,99,99,0,0,0,1,0
12,121718,2,2,0,0,0,2,2,95,0,9,8,2016,3,8,49,0,1,5,25,5,LANDSTREET RD,GILLS DRIVE,99998,28.43603056,-81.393288890000,0,12,6,0,2,3,0,1,1,10,0,10,0,0000000,99,99,99,99,99,99,0,0,0,1,1
12,121719,1,1,0,1,1,1,1,95,0,20,7,2016,4,1,50,0,1,5,25,5,CARPENTER RD,GRISSOM RD,99998,28.55734444,-81.127558330000,0,8,0,0,1,1,0,1,2,1,0,1,0,0000000,99,99,99,99,99,99,0,0,0,1,0
12,121720,2,2,0,0,0,2,2,17,0,9,8,2016,3,10,47,0,1,4,25,4,CR-490,,99998,28.81838889,-82.558530560000,0,12,2,0,1,1,0,1,1,2,0,2,0,0000000,99,99,99,99,99,99,0,0,0,1,0
12,121721,3,3,0,0,0,6,6,53,0,3,8,2016,4,11,5,1,1,3,1,3,SR-50,CR-484,99998,28.54101944,-82.462088890000,0,12,6,0,2,2,0,1,1,10,0,10,0,0000000,99,99,99,99,99,99,0,0,0,1,0
12,121722,1,1,0,1,1,2,2,95,0,27,7,2016,4,3,34,0,1,3,1,3,SR-535,,99998,28.37065000,-81.503369440000,0,8,0,0,1,1,0,1,2,1,0,1,0,0000000,99,99,99,99,88,88,0,0,0,1,0
12,121723,1,1,0,0,0,2,2,105,0,6,8,2016,7,19,0,0,6,96,96,8,CAMP MACK RD,,99998,27.93470000,-81.435530560000,0,1,0,0,1,1,0,4,2,1,0,1,0,0000000,99,99,99,99,99,99,0,0,0,1,1
12,121724,1,1,0,0,0,2,2,75,0,15,8,2016,2,1,10,1,1,3,1,2,US-19,,99998,29.27366944,-82.735600000000,0,42,0,0,1,1,0,5,2,10,0,10,0,0000000,99,99,99,99,99,99,0,0,0,1,0
12,121725,1,1,0,0,0,2,2,117,0,29,7,2016,6,3,53,0,1,5,25,5,GREENWOOD BLVD,,99998,28.74901111,-81.355961110000,0,33,0,0,1,1,0,4,3,1,0,1,0,0000000,99,99,99,99,99,99,0,0,0,1,1
12,121726,1,1,0,0,0,1,1,35,0,14,8,2016,1,3,0,1,1,3,1,3,SR-A1A,,99998,29.56061944,-81.167269440000,0,1,0,0,1,1,0,5,2,1,0,1,0,0000000,99,99,99,99,88,88,0,0,0,1,1
12,121727,2,2,0,0,0,5,5,3,0,31,7,2016,1,10,23,0,1,4,25,4,CR-23,,99998,30.25291111,-82.135930560000,0,12,2,0,1,1,0,1,1,10,0,10,0,0000000,99,99,99,99,99,99,0,0,0,1,1
12,121728,2,2,0,0,0,6,6,71,0,7,8,2016,1,0,30,1,1,3,1,3,SR-82,ALABAMA RD,99998,26.55911944,-81.661650000000,0,12,6,0,2,3,0,1,2,10,0,10,0,0000000,99,99,99,99,99,99,0,0,0,1,1
12,121729,1,1,0,0,0,1,1,43,0,5,8,2016,6,6,20,0,1,4,25,4,CR-721,,99998,27.14636667,-81.093819440000,0,42,0,0,1,1,0,4,2,5,0,5,0,0000000,99,99,99,99,88,88,0,0,0,1,0
12,121730,1,1,0,0,0,1,1,119,0,18,8,2016,5,6,23,1,1,3,1,3,SR-471,,99998,28.50301944,-82.054450000000,0,42,0,0,1,1,0,5,4,1,0,1,0,0000000,99,99,99,99,88,88,0,0,0,1,0
12,121731,2,2,0,0,0,4,4,127,0,7,8,2016,1,17,43,1,1,3,1,2,US-17,MILLS ROAD,99998,29.10540000,-81.342661110000,0,12,6,0,3,3,0,1,1,1,0,1,0,0000000,99,99,99,99,99,99,0,0,0,1,0
12,121732,2,2,0,0,0,2,2,86,0,11,8,2016,5,20,5,1,2,3,1,2,US-27,ENTRANCE RAMP,51,25.89984444,-80.384058330000,0,12,6,1,2,4,0,1,3,1,0,1,0,0000000,99,99,99,99,88,88,0,0,0,1,0
12,121733,2,2,0,0,0,2,2,99,820,13,8,2016,7,8,17,0,1,4,25,4,CR-782,CATHERINE DR,99998,26.43945833,-80.094561110000,0,12,6,0,2,2,0,1,1,10,0,10,0,0000000,99,99,99,99,99,99,0,0,0,1,0
12,121734,2,2,0,0,0,1,1,17,0,18,8,2016,5,10,28,1,2,3,1,3,SR-44 E,,99998,28.84463889,-82.282680560000,0,12,1,0,1,1,0,1,1,1,0,1,0,0000000,99,99,99,99,99,99,0,0,0,1,0
12,121735,2,2,0,0,0,2,2,81,0,18,8,2016,5,6,4,1,2,3,1,3,SR-70,,99998,27.43165000,-82.384700000000,0,12,8,0,1,1,0,1,2,1,0,1,0,0000000,99,99,99,99,99,99,0,0,0,1,1
12,121736,2,2,0,0,0,3,3,81,2440,11,8,2016,5,22,0,1,2,3,1,3,SR-43,,99998,27.52143889,-82.553444440000,0,12,2,0,1,1,0,1,3,2,0,2,0,0000000,99,99,99,99,99,99,0,0,0,1,0
12,121737,2,2,0,0,0,3,3,31,1510,18,8,2016,5,20,50,1,2,3,1,3,SR-13,LORETTO RD,99998,30.15993056,-81.632830560000,0,12,6,0,8,1,0,1,3,1,0,1,0,0000000,99,99,99,99,99,99,0,0,0,1,0
12,121738,1,1,0,0,0,4,4,3,0,16,7,2016,7,20,29,0,1,6,25,5,CLET HARVEY RD,,99998,30.18255833,-82.189286110000,0,35,0,0,1,1,0,4,5,10,0,10,0,0000000,99,99,99,99,99,99,0,0,0,1,1
12,121740,2,2,0,0,0,2,2,55,130,23,5,2016,2,11,22,0,1,4,25,4,CR-700A,,99998,27.53232222,-81.382022220000,0,12,8,0,1,1,0,1,1,1,0,1,0,0000000,99,99,99,99,88,88,0,0,0,1,0
12,121741,1,1,0,0,0,1,1,9,0,3,7,2016,1,12,50,1,1,3,1,3,SR-A1A,SEBASTIAN INLET PARK ENTRANCE,99998,27.86346389,-80.450183330000,0,1,0,0,8,1,0,4,1,10,0,10,0,0000000,99,99,99,99,99,99,0,0,0,1,0
12,121742,3,3,0,0,0,3,3,95,70,8,8,2016,2,17,25,0,2,4,25,4,CR-436,,99998,28.66666944,-81.467938890000,0,12,6,0,1,1,0,1,1,10,0,10,0,0000000,99,99,99,99,99,99,0,0,0,1,0
12,121744,1,1,0,1,1,1,1,103,570,3,8,2016,4,16,0,1,2,3,1,2,US-19 NORTH,,99998,27.94653333,-82.730127780000,0,9,0,0,1,1,0,1,1,1,0,1,0,0000000,99,99,99,99,99,99,0,0,0,1,0
12,121745,1,1,0,1,1,1,1,9,620,30,7,2016,7,8,19,1,1,3,1,2,US-1,PEACHTREE ST,99998,28.35773611,-80.732594440000,0,8,0,0,3,2,0,1,1,1,0,1,0,0000000,99,99,99,99,99,99,0,0,0,1,0
12,121746,3,3,0,0,0,5,5,101,0,18,8,2016,5,14,3,1,2,3,1,2,US-41,GATOR LANE,67,28.26233056,-82.476058330000,0,12,1,1,3,3,0,1,1,1,0,1,0,0000000,14,3,14,11,99,99,0,0,0,1,0
12,121747,1,1,0,0,0,1,1,86,0,12,8,2016,6,19,7,1,2,3,1,3,SR-821,,99998,25.62531944,-80.378869440000,0,25,0,0,1,1,4,4,5,1,0,1,0,0000000,99,99,99,99,99,99,0,0,0,1,0
12,121748,1,1,0,0,0,1,1,101,0,10,8,2016,4,3,55,0,1,4,25,4,CR-579,PROSPECT RD,99998,28.31479167,-82.244725000000,0,1,0,0,3,3,0,5,2,1,0,1,0,0000000,3,58,4,12,99,99,0,0,0,1,1
12,121749,1,1,0,0,0,1,1,11,2916,14,8,2016,1,2,14,0,2,3,25,7,29TH ST,,99998,26.16116111,-80.251958330000,0,19,0,0,1,1,0,5,3,2,0,2,0,0000000,99,99,99,99,88,88,0,0,0,1,0
12,121750,1,1,0,0,0,1,1,11,2916,10,8,2016,4,20,26,1,2,2,1,3,SR-84,,99998,26.12464167,-80.360661110000,0,35,0,1,19,1,0,4,3,1,0,1,0,0000000,99,99,99,99,88,88,0,0,0,1,0
12,121751,1,1,0,0,0,1,1,86,0,12,8,2016,6,23,58,0,2,7,25,6,SNAPPER CREEK  CANAL DR,98TH COURT,99998,25.76851111,-80.356027780000,0,3,0,0,3,3,0,5,3,1,0,1,0,0000000,99,99,99,99,99,99,0,0,0,1,0
12,121752,2,2,0,0,0,4,4,33,2490,7,8,2016,1,19,56,1,2,3,1,2,US-98,BARRANCAS AVE,99998,30.41133056,-87.229480560000,0,12,2,0,2,7,0,1,5,1,0,1,0,0000000,99,99,99,99,99,99,0,0,0,1,0
12,121753,1,1,0,1,1,1,1,11,2260,13,8,2016,7,1,3,1,2,3,1,3,SR-811,OAKLAND PARK BLVD,99998,26.16671944,-80.131588890000,0,8,0,0,1,1,0,1,3,1,0,1,0,0000000,99,99,99,99,99,99,0,0,0,1,0
12,121754,1,1,0,0,0,1,1,31,1510,21,8,2016,1,6,10,0,1,7,25,6,MINDANAO DR,,99998,30.31930000,-81.448700000000,0,42,0,0,1,1,0,3,3,1,0,1,0,0000000,99,99,99,99,88,88,0,0,0,1,0
12,121756,1,1,0,1,1,1,1,86,0,17,8,2016,4,1,0,0,2,5,25,5,SW 102ND AVE,,99998,25.61067500,-80.357150000000,0,9,0,0,1,1,0,1,3,10,0,10,0,0000000,99,99,99,99,88,88,0,0,0,1,0
12,121757,1,1,0,1,1,1,1,57,0,19,8,2016,6,21,27,0,2,4,25,6,BEARSS AV,16TH ST,43,28.08127778,-82.442719440000,0,9,0,0,2,2,0,1,2,10,0,10,0,0000000,99,99,99,99,88,88,0,0,0,1,0
12,121758,2,2,0,0,0,3,3,86,0,12,8,2016,6,19,28,0,1,4,25,4,CR-986,118TH AVE,99998,25.70091389,-80.384286110000,0,12,6,0,2,3,0,1,1,1,0,1,0,0000000,99,99,99,99,88,88,0,0,0,1,0
12,121759,2,2,0,0,0,2,2,105,0,22,8,2016,2,7,0,0,2,6,25,5,WALT WILLIAMS RD,WALT LOOP RD,99998,28.12478889,-81.938350000000,0,12,6,0,8,1,0,1,1,1,0,1,0,0000000,99,99,99,99,99,99,0,0,0,1,0
12,121760,1,1,0,0,0,1,1,55,0,17,8,2016,4,21,20,0,1,4,25,4,CR-17A,,99998,27.53943333,-81.493788890000,0,42,0,0,1,1,0,5,2,1,0,1,0,0000000,99,99,99,99,88,88,0,0,0,1,1
12,121761,1,1,0,1,1,1,1,61,0,18,8,2016,5,20,28,0,1,4,25,4,CR-606,33RD AVENUE,99998,27.58715833,-80.418080560000,0,8,0,0,1,1,0,1,2,1,0,1,0,0000000,99,99,99,99,99,99,0,0,0,1,0
12,121762,1,1,0,0,0,1,1,11,2468,22,8,2016,2,23,29,0,2,7,25,6,68TH BLVD,,99998,26.00540833,-80.223808330000,0,42,0,0,1,1,0,4,3,1,0,1,0,0000000,99,99,99,99,88,88,0,0,0,1,0
12,121763,1,1,0,1,1,1,1,86,125,21,8,2016,1,8,57,0,2,5,25,5,34TH AVE,WATERWAYS BLVD,99998,25.96751389,-80.133597220000,0,8,0,0,2,2,0,1,1,1,0,1,0,0000000,99,99,99,99,88,88,0,0,0,1,0
12,121764,2,2,0,0,0,2,2,105,0,8,8,2016,2,22,7,1,1,3,1,2,US-27,US-98,99998,28.34690556,-81.673530560000,0,12,6,0,2,2,0,1,3,10,0,10,0,0000000,99,99,99,99,88,88,0,0,0,1,0
12,121765,1,1,0,1,1,1,1,99,3190,21,8,2016,1,21,26,0,2,4,25,4,CR-702,,99998,26.75314722,-80.065263890000,0,8,0,0,1,1,0,1,3,1,0,1,0,0000000,99,99,99,99,88,88,0,0,0,1,0
12,121766,1,1,0,1,1,1,1,97,1590,21,8,2016,1,1,4,0,2,4,25,4,CR-192,,99998,28.30453611,-81.440880560000,0,8,0,0,1,1,0,1,3,1,0,1,0,0000000,99,99,99,99,99,99,0,0,0,1,0
12,121767,1,1,0,1,1,1,1,131,800,17,8,2016,4,16,42,1,2,2,1,2,US-90 W,10TH ST,99998,30.72148611,-86.116608330000,0,8,0,0,3,2,0,1,1,10,0,10,0,0000000,99,99,99,99,88,88,0,0,0,1,0
12,121769,1,1,0,0,0,5,5,33,0,21,8,2016,1,2,20,0,2,5,1,3,SR-290 E OLIVE RD,,99998,30.51410000,-87.180738890000,0,1,0,0,1,1,0,5,3,1,0,1,0,0000000,99,99,99,99,99,99,0,0,0,1,1
12,121770,1,1,0,0,0,6,6,83,0,24,8,2016,4,8,21,1,1,3,1,3,SR-464,,99998,29.14473889,-82.065538890000,0,1,0,0,1,1,0,4,1,1,0,1,0,0000000,99,99,99,99,99,99,0,0,0,1,0
12,121772,1,1,0,1,1,1,1,111,0,22,8,2016,2,3,0,1,1,1,1,1,I-95,,99998,27.55731944,-80.480125000000,0,8,0,0,1,1,0,1,3,1,0,1,0,0000000,99,99,99,99,88,88,0,0,0,1,0
12,121773,2,2,0,0,0,2,2,1,2050,25,8,2016,5,5,55,1,1,3,1,2,US-441 / SR-25,CR-234,99998,29.51390278,-82.290222220000,0,12,6,0,2,3,0,1,2,10,0,10,0,0000000,99,99,99,99,99,99,0,0,0,1,0
12,121774,1,1,0,0,0,1,1,31,1510,20,8,2016,7,11,3,1,2,1,1,1,I-95,,99998,30.29063889,-81.629838890000,0,42,0,0,1,1,0,5,1,1,0,1,0,0000000,99,99,99,99,88,88,0,0,0,1,0
12,121775,1,1,0,1,1,1,1,69,0,18,8,2016,5,22,18,1,2,3,1,2,US-192,BALI BLVD,99998,28.34704722,-81.659255560000,0,8,0,0,1,1,0,1,2,1,0,1,0,0000000,99,99,99,99,99,99,0,0,0,1,0
12,121776,2,2,0,0,0,5,5,1,0,19,8,2016,6,23,50,0,1,4,25,4,CR-225,CR-1475,99998,29.83812222,-82.219863890000,0,12,6,1,2,2,0,1,2,1,0,1,0,0000000,99,99,99,99,99,99,0,0,0,1,0
12,121777,1,1,0,1,1,1,1,86,0,20,8,2016,7,6,40,1,2,3,1,2,US-41 SR-90,,99998,25.76270000,-80.315780560000,0,8,0,0,1,1,0,1,4,1,0,1,0,0000000,99,99,99,99,88,88,0,0,0,1,0
12,121778,2,2,0,1,1,3,3,57,0,22,8,2016,2,20,32,1,2,3,1,3,SR-597,LAMBRIGHT ST,99998,28.00703889,-82.505061110000,0,9,0,0,3,2,0,1,3,1,0,1,0,0000000,99,99,99,99,88,88,0,0,0,1,0
12,121779,3,3,0,0,0,3,3,103,0,22,8,2016,2,11,51,1,1,3,1,3,SR-586,COUNTRYSIDE BOULEVARD,99998,28.04908889,-82.718330560000,0,12,2,0,2,2,0,1,1,1,0,1,0,0000000,99,99,99,99,88,88,0,0,0,1,0
12,121780,1,1,0,0,0,3,3,105,0,13,8,2016,7,3,5,1,1,1,1,1,I-4,,99998,28.09708889,-81.952019440000,0,1,0,0,1,1,0,4,2,10,0,10,0,0000000,99,99,99,99,99,99,0,0,0,1,1
12,121781,1,1,0,1,1,1,1,9,0,20,8,2016,7,2,56,1,1,1,1,1,I-95,,99998,28.45383889,-80.824611110000,0,8,0,1,20,1,0,1,2,1,0,1,0,0000000,99,99,99,99,88,88,0,0,0,1,0
12,121782,2,2,0,0,0,3,3,85,0,19,8,2016,6,19,42,1,1,3,1,2,US-1,WESTMORELAND BLVD,99998,27.25782500,-80.280466670000,0,12,1,0,3,3,0,1,5,1,0,1,0,0000000,99,99,99,99,99,99,0,0,0,1,1
12,121783,1,1,0,0,0,2,2,86,0,20,8,2016,7,7,54,1,2,2,1,3,SR-821,,99998,25.47511667,-80.443488890000,0,1,0,0,1,1,0,3,1,1,0,1,0,0000000,99,99,99,99,88,88,0,0,0,1,0
12,121784,1,1,0,0,0,2,2,103,0,25,4,2016,2,16,43,1,1,1,1,1,I-275,,99998,27.81364722,-82.664536110000,0,1,0,0,1,1,0,3,1,1,0,1,0,0000000,99,99,99,99,99,99,0,0,0,1,0
12,121785,1,1,0,1,1,1,1,11,1927,10,5,2016,3,11,35,1,2,3,1,3,SR-7,COCONUT CREEK PKWY,99998,26.24446111,-80.201333330000,0,9,0,0,2,3,0,1,1,1,0,1,0,0000000,99,99,99,99,99,99,0,0,0,1,0
12,121786,1,1,0,0,0,1,1,11,771,13,5,2016,6,22,43,1,2,3,1,2,US-441,,99998,26.07584167,-80.205663890000,0,38,0,0,5,1,0,4,2,1,0,1,0,0000000,99,99,99,99,88,88,0,0,0,1,0