STATE,ST_CASE,VE_TOTAL,VE_FORMS,PVH_INVL,PEDS,PERNOTMVIT,PERMVIT,PERSONS,COUNTY,CITY,DAY,MONTH,YEAR,DAY_WEEK,HOUR,MINUTE,NHS,RUR_URB,FUNC_SYS,RD_OWNER,ROUTE,TWAY_ID,TWAY_ID2,MILEPT,LATITUDE,LONGITUD,SP_JUR,HARM_EV,MAN_COLL,RELJCT1,RELJCT2,TYP_INT,WRK_ZONE,REL_ROAD,LGT_COND,WEATHER1,WEATHER2,WEATHER,SCH_BUS,RAIL,NOT_HOUR,NOT_MIN,ARR_HOUR,ARR_MIN,HOSP_HR,HOSP_MN,CF1,CF2,CF3,FATALS,DRUNK_DR
12,122345,1,1,0,1,1,1,1,31,1510,5,11,2016,7,23,45,1,2,3,1,3,SR-15,,99998,30.39611389,-81.738813890000,0,8,0,0,1,1,0,1,2,1,0,1,0,0000000,99,99,99,99,88,88,0,0,0,1,0
12,122346,1,1,0,0,0,1,1,57,0,15,10,2016,7,22,0,0,1,7,25,6,LAKE SHORE RANCH DR,,99998,27.97634722,-82.261183330000,0,33,0,0,1,1,0,4,3,1,0,1,0,0000000,99,99,99,99,99,99,0,0,0,1,1
12,122347,1,1,0,0,0,3,3,63,0,30,10,2016,1,7,45,1,1,3,1,3,SR-2,,99998,30.97458056,-85.092300000000,0,42,0,0,1,1,0,4,1,1,0,1,0,0000000,99,99,99,99,88,88,0,0,0,3,0
12,122348,2,2,0,0,0,2,2,115,0,22,10,2016,7,2,56,1,2,3,1,2,US-41,ROBERTS RD,99998,27.14201111,-82.460469440000,0,12,1,0,3,2,0,1,3,1,0,1,0,0000000,99,99,99,99,99,99,0,0,0,1,0
12,122349,1,1,0,0,0,1,1,103,0,19,10,2016,4,23,30,1,1,1,1,1,I-275,,99998,27.85053056,-82.663647220000,0,24,0,0,1,1,0,3,3,1,0,1,0,0000000,99,99,99,99,99,99,0,0,0,1,1
12,122350,2,2,0,0,0,2,2,73,2940,4,11,2016,6,18,40,1,1,3,1,3,SR-363,,99998,30.30471944,-84.245488890000,0,12,2,0,1,1,0,1,5,1,0,1,0,0000000,99,99,99,99,99,99,0,0,0,1,0
12,122351,3,3,0,0,0,10,10,99,0,31,10,2016,2,7,40,1,1,3,1,2,US-98,,99998,26.68413056,-80.322911110000,0,12,1,0,8,1,0,1,1,10,0,10,0,0000000,99,99,99,99,99,99,14,0,0,1,0
12,122352,2,2,0,0,0,3,3,5,0,28,10,2016,6,8,45,1,1,3,1,3,SR-77,CR-388,99998,30.32222222,-85.659663890000,0,12,2,0,2,2,0,1,1,1,0,1,0,0000000,99,99,99,99,99,99,0,0,0,2,0
12,122353,1,1,0,0,0,1,1,61,0,5,11,2016,7,5,10,0,1,4,25,4,CR-603,37TH ST,99998,27.66053889,-80.385841670000,0,30,0,0,3,3,0,4,3,10,0,10,0,0000000,99,99,99,99,88,88,0,0,0,1,1
12,122354,2,2,0,0,0,3,3,113,0,2,11,2016,4,15,25,0,1,4,25,4,CR-191,,99998,30.85778056,-86.872869440000,0,59,0,0,1,1,0,4,1,1,0,1,0,0000000,99,99,99,99,99,99,0,0,0,1,0
12,122355,1,1,0,0,0,4,4,57,0,6,11,2016,1,2,32,1,2,1,1,1,I-75,,99998,27.95221667,-82.327836110000,0,24,0,0,1,1,0,3,3,10,0,10,0,0000000,99,99,99,99,99,99,0,0,0,3,1
12,122356,5,5,0,0,0,6,6,57,2950,31,10,2016,2,6,40,0,2,5,25,5,HILLSBOROUGH AVE E,,99998,27.99609444,-82.448827780000,0,12,7,0,1,1,0,1,3,1,0,1,0,0000000,99,99,99,99,99,99,14,0,0,2,0
12,122357,2,2,0,0,0,3,3,105,0,23,10,2016,1,5,55,1,1,1,1,1,I-4,,99998,28.25736111,-81.616330560000,0,12,7,0,1,1,0,1,2,1,0,1,0,0000000,99,99,99,99,88,88,0,0,0,1,0
12,122358,1,1,0,0,0,1,1,57,0,6,11,2016,1,23,45,0,1,5,25,5,NATURES WAY BLVD,,99998,27.87890556,-82.266202780000,0,42,0,0,1,1,0,4,3,1,0,1,0,0000000,99,99,99,99,88,88,0,0,0,1,0
12,122359,1,1,0,0,0,1,1,57,0,5,11,2016,7,23,39,0,2,6,25,5,CASON RD,,99998,27.98918333,-82.066544440000,0,42,0,0,1,1,0,4,2,1,0,1,0,0000000,99,99,99,99,88,88,0,0,0,1,0
12,122360,1,1,0,0,0,1,1,129,0,1,11,2016,3,5,45,0,1,4,25,4,CR-375,,99998,30.25276667,-84.685097220000,0,24,0,0,1,1,0,4,2,1,0,1,0,0000000,99,99,99,99,88,88,0,0,0,1,1
12,122361,1,1,0,1,1,1,1,71,0,28,10,2016,6,6,47,0,1,5,25,5,67TH ST,,99998,26.67822222,-81.688325000000,0,8,0,0,1,1,0,1,2,10,0,10,0,0000000,99,99,99,99,99,99,0,0,0,1,0
12,122363,1,1,0,1,1,2,2,117,0,29,10,2016,7,11,53,0,1,5,25,5,N OREGON ST,,99998,28.81855000,-81.339188890000,0,9,0,0,1,1,0,1,1,1,0,1,0,0000000,99,99,99,99,99,99,0,0,0,1,0
12,122364,2,2,0,0,0,5,5,81,0,5,11,2016,7,3,14,1,1,3,1,3,SR-70,LOCKWOOD RIDGE RD,99998,27.44611944,-82.505519440000,0,12,6,0,2,2,0,1,3,1,0,1,0,0000000,99,99,99,99,99,99,0,0,0,1,0
12,122365,1,1,0,1,1,1,1,115,0,6,11,2016,1,9,27,0,2,7,25,5,INDIANA AVE,,99998,26.96328889,-82.353030560000,0,9,0,0,8,1,0,1,1,1,0,1,0,0000000,99,99,99,99,99,99,0,0,0,1,0
12,122366,2,2,0,0,0,2,2,95,0,2,11,2016,4,20,26,1,1,2,31,3,SR-528,,99998,28.45136111,-81.108300000000,0,1,0,0,1,1,0,1,2,1,0,1,0,0000000,99,99,99,99,88,88,0,0,0,1,0
12,122367,2,2,0,0,0,2,2,95,0,20,10,2016,5,23,29,0,2,7,25,6,INTERNATIONAL DR,SR-535,99998,28.35462500,-81.494702780000,0,1,0,0,3,3,0,2,3,1,0,1,0,0000000,99,99,99,99,88,88,0,0,0,1,1
12,122368,1,1,0,0,0,1,1,71,1070,8,11,2016,3,14,42,0,2,7,25,6,POLK ST,,99998,26.65756389,-81.836400000000,0,32,0,0,1,1,0,4,1,1,0,1,0,0000000,99,99,99,99,88,88,0,0,0,1,0
12,122369,2,1,1,1,1,1,1,11,790,18,10,2016,3,14,30,1,1,3,1,3,SR-91,,99998,26.29628333,-80.169400000000,0,14,0,0,1,1,0,2,1,1,0,1,0,0000000,99,99,99,99,99,99,0,0,0,1,0
12,122370,2,2,0,0,0,6,6,37,0,5,11,2016,7,14,21,1,1,3,1,3,SR-300,,99998,29.67746944,-84.873938890000,0,12,2,0,1,1,0,1,1,1,0,1,0,0000000,99,99,99,99,99,99,0,0,0,2,0
12,122371,1,1,0,0,0,1,1,107,0,6,11,2016,1,2,55,1,1,3,1,2,US-17,,99998,29.64615278,-81.603527780000,0,42,0,0,1,1,0,3,3,10,0,10,0,0000000,99,99,99,99,99,99,0,0,0,1,1
12,122372,2,2,0,0,0,2,2,33,0,3,11,2016,5,19,10,1,2,2,1,2,US-29,DIAMOND DAIRY RD,99998,30.49833056,-87.264161110000,0,12,7,1,3,2,0,1,3,1,0,1,0,0000000,99,99,99,99,99,99,0,0,0,1,0
12,122373,2,2,0,0,0,2,2,69,1820,20,10,2016,5,7,46,1,2,3,1,2,US-441,SKINNER AVE,99998,28.82435278,-81.791205560000,0,12,1,0,3,3,0,1,1,1,0,1,0,0000000,99,99,99,99,99,99,0,0,0,1,0
12,122374,1,1,0,1,1,1,1,11,1050,28,10,2016,6,20,10,0,2,5,25,5,13ST AVE,PROSPECT RD,99998,26.18616944,-80.187550000000,0,8,0,0,3,2,0,1,3,1,0,1,0,0000000,99,99,99,99,88,88,0,0,0,1,0
12,122375,5,5,0,0,0,7,7,69,0,31,10,2016,2,5,42,1,1,3,1,2,US-27,INDEPENDENCE BLVD,99998,28.64703333,-81.828097220000,0,12,6,0,2,3,0,1,2,5,0,5,0,0000000,99,99,99,99,99,99,0,0,0,1,0
12,122376,1,1,0,1,1,1,1,31,1510,8,11,2016,3,20,9,1,2,3,1,3,SR-152,OLD BAYMEADOWS RD,99998,30.22050278,-81.558913890000,0,15,0,0,2,2,0,1,2,1,0,1,0,0000000,99,99,99,99,99,99,0,0,0,1,0
12,122377,1,1,0,0,0,4,4,89,0,28,10,2016,6,16,0,0,1,5,25,5,WEDGEWOOD WAY,,99998,30.65059444,-81.891816670000,0,34,0,0,1,1,0,4,1,1,0,1,0,0000000,99,99,99,99,99,99,0,0,0,1,0
12,122378,1,1,0,0,0,2,2,111,2601,3,11,2016,5,17,50,1,1,1,1,1,I-95,,99998,27.22923889,-80.402930560000,0,42,0,0,1,1,0,3,1,10,0,10,0,0000000,99,99,99,99,88,88,0,0,0,2,0
12,122379,2,2,0,0,0,3,3,39,2060,23,10,2016,1,19,15,0,2,5,25,5,BRICKYARD RD,,99998,30.49154167,-84.450802780000,0,12,2,0,1,1,0,1,5,1,0,1,0,0000000,99,99,99,99,88,88,0,0,0,3,0
12,122380,2,2,0,0,0,4,4,27,0,8,11,2016,3,9,55,1,1,3,1,3,SR-70,,99998,27.27426389,-82.013058330000,0,12,2,0,1,1,0,1,1,1,0,1,0,0000000,99,99,99,99,99,99,0,0,0,1,0
12,122381,1,1,0,0,0,1,1,103,2730,21,10,2016,6,19,15,0,2,5,25,5,49TH ST,,99998,27.79341389,-82.700677780000,0,33,0,0,1,1,0,4,3,1,0,1,0,0000000,99,99,99,99,99,99,0,0,0,1,1
12,122382,1,1,0,1,1,1,1,101,0,21,10,2016,6,16,40,1,1,3,1,2,US-19,FLORA AVE,99998,28.17701944,-82.740561110000,0,8,0,0,3,2,0,1,1,1,0,1,0,0000000,16,43,16,47,99,99,0,0,0,1,0
12,122383,1,1,0,1,1,1,1,83,0,25,10,2016,3,19,33,1,1,3,1,2,US-441,104TH AVE,99998,28.97473056,-81.980030560000,0,8,0,0,3,2,0,1,2,1,0,1,0,0000000,99,99,99,99,99,99,0,0,0,1,0
12,122384,1,1,0,0,0,1,1,83,0,27,10,2016,5,16,50,0,1,4,25,4,CR-225A,,99998,29.29655000,-82.245230560000,0,32,0,0,1,1,0,4,1,1,0,1,0,0000000,99,99,99,99,99,99,0,0,0,1,0
12,122385,1,1,0,1,1,1,1,11,1280,19,10,2016,4,11,24,0,2,5,25,5,OLD FEDERAL HWY,2 ND ST,99998,25.98331944,-80.142455560000,0,32,0,0,3,4,0,4,1,1,0,1,0,0000000,99,99,99,99,99,99,0,0,0,1,0
12,122386,1,1,0,1,1,1,1,11,2570,5,11,2016,7,0,51,0,2,5,25,5,3RD ST,,99998,26.22660556,-80.150497220000,0,9,0,0,1,1,0,1,3,1,0,1,0,0000000,99,99,99,99,88,88,0,0,0,1,0
12,122387,1,1,0,0,0,1,1,9,2424,9,11,2016,4,14,21,1,2,1,1,1,I-95,,99998,28.01225000,-80.640383330000,0,43,0,0,1,1,0,4,1,1,0,1,0,0000000,99,99,99,99,99,99,0,0,0,1,1
12,122389,1,1,0,1,1,1,1,9,630,11,11,2016,6,6,15,0,2,5,25,5,NORTH ATLANTIC AVE,,99998,28.33043611,-80.610611110000,0,8,0,0,1,1,0,1,3,1,0,1,0,0000000,99,99,99,99,88,88,0,0,0,1,0
12,122390,2,2,0,0,0,4,4,71,1070,11,11,2016,6,18,30,0,2,4,25,4,CR-869,SIESTA BAY,99998,26.49409167,-81.951469440000,0,12,6,0,2,2,0,1,2,1,0,1,0,0000000,99,99,99,99,99,99,0,0,0,2,0
12,122391,2,2,0,0,0,2,2,5,0,12,11,2016,7,16,35,1,2,3,1,2,US-231,JULIE DR,99998,30.26620000,-85.532719440000,0,12,6,0,2,3,0,1,1,1,0,1,0,0000000,99,99,99,99,99,99,0,0,0,1,0
12,122392,10,10,0,0,0,13,13,86,0,1,11,2016,3,13,42,1,2,3,1,2,US-41,SW 137TH AVE,99998,25.76088056,-80.416911110000,0,12,1,0,3,2,0,1,1,1,0,1,0,0000000,99,99,99,99,99,99,0,0,0,1,0
12,122393,1,1,0,1,1,1,1,11,1781,13,11,2016,1,5,15,1,2,3,1,3,SR-7,,99998,26.18571944,-80.203747220000,0,8,0,0,1,1,0,1,2,1,0,1,0,0000000,99,99,99,99,88,88,0,0,0,1,0
12,122394,1,1,0,1,1,1,1,101,2180,10,11,2016,5,18,27,1,2,2,1,2,US-19,,99998,28.25422222,-82.727683330000,0,9,0,0,1,1,0,1,3,1,0,1,0,0000000,99,99,99,99,99,99,0,0,0,1,0
12,122395,1,1,0,0,0,1,1,11,3193,5,11,2016,7,8,17,1,2,2,1,2,US-27,,99998,26.14430000,-80.441661110000,0,42,0,1,19,1,0,4,1,1,0,1,0,0000000,99,99,99,99,88,88,0,0,0,1,0
12,122396,1,1,0,0,0,4,4,85,0,4,11,2016,6,16,0,1,1,1,1,1,I-95,,99998,26.99465833,-80.195150000000,0,1,0,0,1,1,0,4,1,10,0,10,0,0000000,99,99,99,99,99,99,0,0,0,1,0
12,122397,1,1,0,0,0,1,1,115,2780,9,11,2016,4,0,50,1,1,3,1,3,SR-72,GATEWAY AVE,99998,27.26548056,-82.517819440000,0,33,0,0,3,2,0,3,3,10,0,10,0,0000000,99,99,99,99,99,99,0,0,0,1,1
12,122398,1,1,0,0,0,3,3,11,2916,27,10,2016,5,4,52,1,1,3,1,3,SR-91,,99998,26.14695000,-80.219288890000,0,1,0,0,1,1,0,3,3,1,0,1,0,0000000,99,99,99,99,99,99,0,0,0,1,1
12,122399,1,1,0,1,1,1,1,81,0,31,10,2016,2,0,0,1,1,3,1,3,SR-64,,99998,27.47191111,-82.057350000000,0,8,0,0,1,1,0,1,2,1,0,1,0,0000000,99,99,99,99,88,88,0,0,0,1,0
12,122400,2,2,0,0,0,3,3,86,0,23,10,2016,1,19,55,1,2,3,1,2,US-41 SR-90,,99998,25.76186111,-80.336211110000,0,12,6,0,8,1,0,1,3,1,0,1,0,0000000,99,99,99,99,88,88,0,0,0,1,0
12,122401,2,2,0,0,0,2,2,99,3190,12,11,2016,7,11,37,1,2,3,1,3,SR-704,,99998,26.70902778,-80.195125000000,0,12,2,0,1,1,0,1,1,1,0,1,0,0000000,99,99,99,99,99,99,0,0,0,1,0
12,122402,2,2,0,0,0,2,2,1,1130,10,11,2016,5,17,52,1,1,3,1,3,SR-20,,99998,29.59828333,-82.113791670000,0,31,0,0,1,1,0,4,5,10,0,10,0,0000000,99,99,99,99,99,99,19,0,0,1,0
12,122403,2,2,0,0,0,2,2,57,2950,11,11,2016,6,18,43,0,2,5,25,5,SLIGH AVE,I-275 RAMP,99998,28.00644444,-82.326675000000,0,12,6,1,2,2,0,1,3,1,0,1,0,0000000,99,99,99,99,88,88,0,0,0,1,0
12,122404,2,2,0,0,0,2,2,69,0,3,11,2016,5,17,25,0,1,4,25,4,CR-44,,99998,28.83380278,-81.825358330000,0,12,2,0,1,1,0,1,1,1,0,1,0,0000000,99,99,99,99,99,99,0,0,0,1,0
12,122406,1,1,0,0,0,1,1,121,0,9,11,2016,4,9,50,1,1,1,1,1,I-10,,99998,30.35170000,-83.040755560000,0,42,0,0,1,1,0,3,1,10,0,10,0,0000000,99,99,99,99,88,88,0,0,0,1,0
12,122407,1,1,0,0,0,2,2,103,2730,13,11,2016,1,17,30,1,2,1,1,1,I-175,,99998,27.76839444,-82.657733330000,0,25,0,0,1,1,0,4,1,1,0,1,0,0000000,99,99,99,99,99,99,0,0,0,1,1
12,122408,2,2,0,1,1,3,3,103,2730,8,11,2016,3,14,28,0,2,5,25,5,9TH AVE,,99998,27.78092778,-82.693011110000,0,12,1,0,1,1,0,1,1,1,0,1,0,0000000,99,99,99,99,99,99,21,0,0,1,0
12,122409,1,1,0,0,0,1,1,97,0,23,10,2016,1,11,50,1,1,3,1,3,SR-441,CANOE CREEK RD,99998,27.87277500,-80.986072220000,0,1,0,0,1,1,0,1,1,1,0,1,0,0000000,99,99,99,99,99,99,0,0,0,1,0
12,122410,2,2,0,0,0,3,3,1,0,11,11,2016,6,23,0,1,1,3,1,2,US-27,175TH AVE,99998,29.48572222,-82.490975000000,0,12,6,1,2,3,0,1,2,1,0,1,0,0000000,99,99,99,99,99,99,0,0,0,1,0
12,122411,1,1,0,0,0,1,1,9,0,11,11,2016,6,1,59,0,1,4,25,4,CR-515,,99998,28.43985833,-80.758805560000,0,42,0,0,1,1,0,4,2,1,0,1,0,0000000,2,1,2,10,88,88,0,0,0,1,1
12,122412,2,2,0,0,0,2,2,9,1990,14,11,2016,2,0,35,1,1,1,1,1,I-95,404PINEDA CSWY,99998,28.18816111,-80.706261110000,0,12,1,0,1,1,0,1,2,1,0,1,0,0000000,99,99,99,99,88,88,0,0,0,1,1
12,122413,2,2,0,0,0,3,3,86,1440,11,11,2016,6,20,10,1,2,2,1,2,US-1,137TH AVE,99998,25.53460556,-80.412869440000,0,12,6,1,2,2,0,1,3,1,0,1,0,0000000,99,99,99,99,88,88,0,0,0,1,0
12,122414,1,1,0,0,0,2,2,86,0,30,10,2016,1,4,44,1,2,1,1,1,I-95,151ST ST,99998,25.91172778,-80.209930560000,0,25,0,0,1,1,0,4,3,2,0,2,0,0000000,99,99,99,99,99,99,0,0,0,1,0
12,122415,2,2,0,0,0,3,3,71,1070,2,11,2016,4,10,40,0,2,5,25,5,DANI DR,SIX MILE CYPRESS PKWY,99998,26.60895278,-81.811127780000,0,12,6,0,2,2,0,1,1,1,0,1,0,0000000,99,99,99,99,99,99,0,0,0,1,0
12,122416,1,1,0,1,1,3,3,57,2950,5,11,2016,7,22,7,0,2,5,25,5,INTERBAY BLVD,INTERBAY AVE,99998,27.87677500,-82.499938890000,0,8,0,0,2,2,0,1,3,1,0,1,0,0000000,99,99,99,99,99,99,0,0,0,1,0
12,122417,1,1,0,0,0,1,1,11,2541,11,2,2016,5,23,6,1,2,3,1,3,SR-817,,99998,26.10077778,-80.249963890000,0,33,0,0,1,1,0,4,3,1,0,1,0,0000000,99,99,99,99,88,88,0,0,0,1,0
12,122418,1,1,0,0,0,1,1,73,0,13,11,2016,1,16,22,0,2,6,25,5,JOE THOMAS RD W,,99998,30.40965000,-84.555416670000,0,1,0,0,1,1,0,5,1,1,0,1,0,0000000,99,99,99,99,99,99,0,0,0,1,0
12,122419,1,1,0,1,1,1,1,11,1782,5,6,2016,1,1,12,1,2,3,1,3,SR-870,,99998,26.19370278,-80.260075000000,0,8,0,0,1,1,0,1,3,1,0,1,0,0000000,99,99,99,99,88,88,0,0,0,1,0
12,122420,1,1,0,1,1,1,1,71,457,11,11,2016,6,19,10,0,2,5,25,5,TROPICANA PKWY,,99998,26.66708333,-82.017980560000,0,9,0,0,1,1,0,1,2,1,0,1,0,0000000,99,99,99,99,99,99,0,0,0,1,0
12,122421,1,1,0,0,0,2,2,61,2790,25,9,2016,1,2,19,1,2,3,1,2,US-1,,99998,27.82261667,-80.473427780000,0,5,0,0,1,1,0,1,2,1,0,1,0,0000000,99,99,99,99,99,99,0,0,0,1,1
12,122422,1,1,0,1,1,2,2,11,1050,3,11,2016,5,19,37,1,2,3,1,3,SR-838,9TH AV,99998,26.13647778,-80.153891670000,0,8,0,0,2,2,0,1,3,1,0,1,0,0000000,99,99,99,99,99,99,0,0,0,1,0
12,122423,1,1,0,0,0,2,2,9,0,17,11,2016,5,22,21,1,1,3,1,3,SR-50,,99998,28.55076111,-80.862888890000,0,1,0,0,1,1,0,4,2,1,0,1,0,0000000,99,99,99,99,88,88,0,0,0,1,1
12,122425,2,2,0,0,0,4,4,86,2010,6,11,2016,1,4,0,0,2,5,25,5,27TH AVE,17TH ST,99998,25.79058889,-80.239641670000,0,12,6,0,2,2,0,1,3,1,0,1,0,0000000,99,99,99,99,99,99,0,0,0,2,0
12,122426,2,2,0,0,0,4,4,86,2010,16,10,2016,1,22,44,0,2,5,25,5,1ST AVE,12TH ST,99998,25.78602778,-80.192336110000,0,12,6,0,2,2,0,1,3,1,0,1,0,0000000,99,99,99,99,99,99,0,0,0,1,1
12,122427,1,1,0,1,1,1,1,31,1510,19,11,2016,7,23,34,1,2,3,1,3,SR-115,,99998,30.41575000,-81.695619440000,0,8,0,0,1,1,0,1,3,1,0,1,0,0000000,99,99,99,99,99,99,0,0,0,1,0
12,122428,2,2,0,0,0,2,2,1,0,14,11,2016,2,10,58,1,1,3,1,3,SR-121,,99998,29.55049444,-82.393930560000,0,12,2,0,1,1,0,1,1,10,0,10,0,0000000,99,99,99,99,88,88,0,0,0,2,0
12,122429,1,1,0,0,0,1,1,101,0,6,11,2016,1,18,56,1,1,3,1,3,SR-54,,99998,28.19378889,-82.588775000000,0,1,0,0,1,1,0,1,5,1,0,1,0,0000000,99,99,99,99,99,99,0,0,0,1,0
12,122430,1,1,0,0,0,2,2,35,0,30,10,2016,1,2,41,1,1,2,1,2,US-1,,99998,29.62059167,-81.281969440000,0,1,0,0,1,1,0,4,2,10,0,10,0,0000000,99,99,99,99,99,99,0,0,0,1,1
12,122431,1,1,0,1,1,1,1,57,0,12,10,2016,4,20,7,1,1,3,1,3,SR-580,BLUE SPRINGS DR,99998,27.99647778,-82.554433330000,0,8,0,0,2,3,0,1,5,1,0,1,0,0000000,99,99,99,99,99,99,0,0,0,1,0
12,122432,1,1,0,1,1,2,2,57,0,23,10,2016,1,22,54,1,2,2,1,3,SR-618 SELMON EXPY,,99998,27.92868333,-82.337861110000,0,8,0,0,1,1,0,1,3,1,0,1,0,0000000,99,99,99,99,88,88,19,0,0,1,0
12,122433,1,1,0,0,0,1,1,81,0,16,11,2016,4,11,35,0,2,6,25,5,M J RD,,99998,27.28246389,-82.193936110000,0,32,0,0,1,1,0,4,1,1,0,1,0,0000000,99,99,99,99,88,88,0,0,0,1,0
12,122434,2,2,0,0,0,2,2,103,0,8,11,2016,3,9,15,1,1,1,1,1,I-275,,99998,27.71602778,-82.679344440000,0,1,0,0,1,1,0,3,1,1,0,1,0,0000000,99,99,99,99,99,99,0,0,0,1,0
12,122435,1,1,0,1,1,1,1,57,0,16,11,2016,4,23,37,1,2,1,1,1,I-275,,99998,27.96096111,-82.453888890000,0,8,0,0,1,1,0,1,3,1,0,1,0,0000000,99,99,99,99,88,88,19,0,0,1,0
12,122436,2,2,0,0,0,3,3,9,1990,18,11,2016,6,17,36,1,2,3,1,3,SR-192,NEW HAVEN AVE,99998,28.07874167,-80.617141670000,0,12,6,0,2,3,0,1,3,1,0,1,0,0000000,99,99,99,99,99,99,0,0,0,1,0
12,122437,1,1,0,0,0,1,1,11,2570,7,11,2016,2,12,16,1,1,1,1,1,I-95,COPANS RD,99998,26.25716389,-80.136238890000,0,25,0,1,19,1,0,3,1,1,0,1,0,0000000,99,99,99,99,99,99,0,0,0,1,0
12,122438,1,1,0,0,0,2,2,11,0,15,11,2016,3,2,58,0,2,6,25,5,ACCESS RD,,99998,26.14594444,-80.637594440000,0,35,0,0,1,1,0,4,6,1,0,1,0,0000000,99,99,99,99,88,88,0,0,0,2,0
12,122439,2,2,0,0,0,3,3,21,0,8,11,2016,3,8,50,1,1,3,1,3,SR-29,,99998,26.40111111,-81.389319440000,0,12,2,0,1,1,0,4,1,1,0,1,0,0000000,99,99,99,99,99,99,0,0,0,2,0
12,122440,2,2,0,0,0,4,4,71,0,31,10,2016,2,23,24,1,1,2,1,2,US-41,MICHAEL G RIPPE PKWY,99998,26.49053889,-81.843838890000,0,12,6,1,2,2,0,1,3,1,0,1,0,0000000,99,99,99,99,99,99,0,0,0,1,1
12,122441,1,1,0,0,0,2,2,5,0,25,10,2016,3,1,0,0,1,4,25,4,CR-388,SPRINGHILL RD,99998,30.37961667,-85.587269440000,0,42,0,0,1,1,0,6,2,1,0,1,0,0000000,99,99,99,99,99,99,0,0,0,1,1
12,122442,1,1,0,1,1,1,1,31,1510,29,10,2016,7,22,8,1,2,1,1,1,I-95,,99998,30.40449167,-81.659447220000,0,8,0,1,18,1,0,1,3,1,0,1,0,0000000,99,99,99,99,88,88,0,0,0,1,0
12,122443,2,2,0,0,0,2,2,19,0,15,11,2016,3,6,7,0,2,4,25,4,CR-218,,99998,30.06303889,-81.908419440000,0,12,2,0,1,1,0,1,2,10,0,10,0,0000000,99,99,99,99,99,99,0,0,0,1,0
12,122444,1,1,0,0,0,1,1,81,0,9,11,2016,4,19,15,1,1,1,1,1,I-75,LINGER LODGE RD OVERPASS,99998,27.42773889,-82.459130560000,0,21,0,0,1,1,0,3,2,1,0,1,0,0000000,99,99,99,99,88,88,0,0,0,1,0
12,122445,2,2,0,0,0,3,3,31,1510,19,11,2016,7,23,50,1,2,1,1,1,I-295,,99998,30.23614444,-81.513969440000,0,54,11,0,1,1,0,1,3,1,0,1,0,0000000,99,99,99,99,99,99,14,0,0,1,0
12,122446,1,1,0,0,0,1,1,3,0,16,11,2016,4,19,0,0,1,5,25,5,PINE AVENUE,,99998,30.25338889,-82.116711110000,0,41,0,0,1,1,0,5,2,10,0,10,0,0000000,99,99,99,99,88,88,0,0,0,1,0
12,122447,1,1,0,1,1,3,3,95,0,16,11,2016,4,19,1,0,1,4,25,4,CR-15,,99998,28.38621111,-81.244500000000,0,8,0,0,1,1,0,1,3,1,0,1,0,0000000,99,99,99,99,99,99,0,0,0,1,0
12,122449,2,2,0,0,0,2,2,83,0,13,11,2016,1,15,51,0,1,4,25,4,CR-464,BAHIA RD,99998,29.11839722,-82.027450000000,0,12,2,0,2,2,0,1,1,1,0,1,0,0000000,99,99,99,99,99,99,0,0,0,1,0
12,122450,2,2,0,0,0,2,2,83,0,17,11,2016,5,0,53,1,1,1,1,1,I-75,,99998,29.17351111,-82.184730560000,0,12,1,0,1,1,0,1,2,1,0,1,0,0000000,99,99,99,99,88,88,0,0,0,1,0
12,122452,1,1,0,0,0,1,1,31,1510,6,11,2016,1,17,18,1,2,3,1,3,SR-113,,99998,30.21600000,-81.590500000000,0,30,0,0,1,1,0,3,5,1,0,1,0,0000000,99,99,99,99,99,99,0,0,0,1,0
12,122453,2,2,0,0,0,2,2,53,0,11,11,2016,6,9,45,1,1,3,1,2,US-301,BUTTERNUT DR,99998,28.55302500,-82.159561110000,0,12,6,0,1,1,0,1,1,1,0,1,0,0000000,99,99,99,99,99,99,0,0,0,1,0
12,122454,1,1,0,1,1,1,1,57,0,14,11,2016,2,23,24,0,1,4,25,4,CR-589,STONE RUN CT,99998,28.02401944,-82.583227780000,0,8,0,0,2,3,0,1,3,10,0,10,0,0000000,99,99,99,99,88,88,0,0,0,1,0
12,122455,1,1,0,1,1,1,1,111,0,21,11,2016,2,5,33,0,1,4,25,4,CR-611,,99998,27.43181389,-80.382822220000,0,8,0,0,1,1,0,1,2,1,0,1,0,0000000,99,99,99,99,88,88,0,0,0,1,0