STATE,ST_CASE,VE_TOTAL,VE_FORMS,PVH_INVL,PEDS,PERNOTMVIT,PERMVIT,PERSONS,COUNTY,CITY,DAY,MONTH,YEAR,DAY_WEEK,HOUR,MINUTE,NHS,RUR_URB,FUNC_SYS,RD_OWNER,ROUTE,TWAY_ID,TWAY_ID2,MILEPT,LATITUDE,LONGITUD,SP_JUR,HARM_EV,MAN_COLL,RELJCT1,RELJCT2,TYP_INT,WRK_ZONE,REL_ROAD,LGT_COND,WEATHER1,WEATHER2,WEATHER,SCH_BUS,RAIL,NOT_HOUR,NOT_MIN,ARR_HOUR,ARR_MIN,HOSP_HR,HOSP_MN,CF1,CF2,CF3,FATALS,DRUNK_DR
12,122909,1,1,0,1,1,1,1,99,2674,30,7,2016,7,17,43,0,1,7,25,6,CYPRESS LAKES DR,CRESTWOOD BLVD,99998,26.68734722,-80.244900000000,0,15,0,0,3,3,0,1,1,1,0,1,0,0000000,99,99,99,99,99,99,0,0,0,1,0
12,122910,1,1,0,1,1,1,1,105,1690,19,8,2016,6,12,41,1,2,3,1,2,US-98,SR-548,99998,28.04955556,-81.957325000000,0,9,0,0,3,2,0,1,1,1,0,1,0,0000000,99,99,99,99,99,99,0,0,0,1,0
12,122911,1,1,0,0,0,1,1,86,0,19,8,2016,6,0,54,0,1,7,25,6,41ST TER,,99998,25.72896667,-80.434891670000,0,38,0,0,1,1,0,5,3,1,0,1,0,0000000,99,99,99,99,88,88,0,0,0,1,0
12,122912,2,2,0,0,0,2,2,111,0,14,9,2016,4,6,5,1,1,3,1,3,SR-70,,99998,27.40163056,-80.448597220000,0,12,1,0,1,1,0,1,2,10,0,10,0,0000000,99,99,99,99,99,99,0,0,0,1,0
12,122913,2,2,0,0,0,2,2,81,2440,29,9,2016,5,14,5,1,2,3,1,3,SR-45,2600 8TH AVE,99998,27.53720278,-82.572875000000,0,12,6,1,2,2,0,1,1,1,0,1,0,0000000,99,99,99,99,99,99,0,0,0,1,0
12,122914,2,2,0,0,0,2,2,86,1440,2,10,2016,1,14,47,0,2,5,25,5,18TH AVE,MOWRY DR,99998,25.47012222,-80.452627780000,0,12,6,0,2,3,0,1,1,1,0,1,0,0000000,99,99,99,99,99,99,0,0,0,1,0
12,122915,3,3,0,0,0,4,4,99,820,3,10,2016,2,13,58,1,2,3,1,3,SR-806,COCONUT KEY LN,99998,26.45791111,-80.126516670000,0,12,6,0,2,2,0,1,1,1,0,1,0,0000000,99,99,99,99,99,99,0,0,0,1,0
12,122916,1,1,0,1,1,1,1,57,2950,6,10,2016,5,6,50,0,2,4,25,5,ARMENIA AVE,,99998,27.97620278,-82.484805560000,0,8,0,0,1,1,0,1,2,1,0,1,0,0000000,99,99,99,99,99,99,0,0,0,1,0
12,122917,4,4,0,0,0,4,4,55,0,6,10,2016,5,16,10,1,1,2,1,2,US-27,SR-66,99998,27.42911944,-81.418161110000,0,12,6,1,2,2,0,1,1,2,0,2,0,0000000,99,99,99,99,99,99,0,0,0,1,0
12,122918,1,1,0,1,1,1,1,86,2010,8,10,2016,7,22,8,0,2,5,25,5,22ND AVE,,99998,25.79227222,-80.231405560000,0,8,0,0,1,1,0,1,2,1,0,1,0,0000000,99,99,99,99,99,99,0,0,0,1,0
12,122919,1,1,0,0,0,3,3,11,2083,6,10,2016,5,14,53,0,2,4,25,4,CR-858,,99998,25.98216667,-80.219700000000,0,52,0,0,1,1,0,4,1,2,0,2,0,0000000,99,99,99,99,99,99,0,0,0,1,0
12,122920,2,2,0,0,0,2,2,11,633,7,10,2016,6,14,48,0,2,6,25,5,LYONS RD,CORAL TREE CIR,99998,26.27623611,-80.186280560000,0,12,6,0,2,2,0,1,1,1,0,1,0,0000000,99,99,99,99,99,99,0,0,0,1,0
12,122921,1,1,0,1,1,1,1,5,2456,18,10,2016,3,21,3,1,2,3,1,3,SR-98,,99998,30.12226389,-85.592175000000,0,8,0,0,1,1,0,1,2,1,0,1,0,0000000,99,99,99,99,99,99,0,0,0,1,0
12,122923,2,2,0,0,0,5,5,95,2360,13,10,2016,5,3,4,1,2,3,1,3,SR-400 E,,99998,28.47718611,-81.468911110000,0,12,2,0,1,1,0,1,3,1,0,1,0,0000000,99,99,99,99,99,99,0,0,0,1,0
12,122924,1,1,0,1,1,2,2,9,1990,22,10,2016,7,0,22,0,2,5,25,5,STRAWBRIDGE AVE,WAVERLY PL,99998,28.07944444,-80.607761110000,0,8,0,0,2,2,0,1,3,1,0,1,0,0000000,99,99,99,99,99,99,0,0,0,1,0
12,122925,1,1,0,0,0,1,1,71,457,20,10,2016,5,22,42,0,2,5,25,5,HANCOCK BRIDGE PKWY,1ST PL,99998,26.65180278,-81.971416670000,0,33,0,0,3,3,0,3,3,1,0,1,0,0000000,99,99,99,99,99,99,0,0,0,1,0
12,122926,4,4,0,0,0,7,7,31,1510,26,10,2016,4,10,30,1,2,3,1,3,SR-13,,99998,30.17771111,-81.627711110000,0,12,9,0,1,1,0,1,1,1,0,1,0,0000000,99,99,99,99,99,99,0,0,0,1,0
12,122927,2,2,0,0,0,4,4,17,0,28,10,2016,6,21,35,1,1,2,1,2,US-19,6201 SUNCOAST BLVD,99998,28.95263056,-82.626730560000,0,12,6,1,2,2,0,1,3,1,0,1,0,0000000,99,99,99,99,99,99,0,0,0,1,0
12,122928,2,2,0,0,0,2,2,71,457,28,10,2016,6,16,59,0,2,3,25,7,37TH ST,SKYLINE BLVD,99998,26.58318333,-81.990811110000,0,12,6,0,2,3,0,1,1,1,0,1,0,0000000,99,99,99,99,99,99,0,0,0,1,0
12,122929,1,1,0,1,1,1,1,11,1781,13,11,2016,1,16,27,0,2,5,25,5,NW 31ST AVE,NW 39TH ST,99998,26.17352222,-80.187244440000,0,9,0,0,2,3,0,1,1,1,0,1,0,0000000,88,88,88,88,88,88,0,0,0,1,0
12,122930,1,1,0,1,1,1,1,11,2219,24,11,2016,5,18,15,1,2,3,1,3,SR-7,,99998,26.21307778,-80.204072220000,0,8,0,0,1,1,0,1,2,1,0,1,0,0000000,99,99,99,99,99,99,0,0,0,1,0
12,122932,1,1,0,1,1,1,1,11,1050,2,12,2016,6,22,35,0,2,3,25,7,17TH ST,,99998,26.10025556,-80.134002780000,0,8,0,0,1,1,0,1,3,1,0,1,0,0000000,99,99,99,99,99,99,0,0,0,1,0
12,122933,1,1,0,1,1,1,1,99,0,20,11,2016,1,3,35,0,1,7,25,6,18TH AVE,,99998,26.34411667,-80.119886110000,0,8,0,0,1,1,0,1,3,1,0,1,0,0000000,99,99,99,99,88,88,0,0,0,1,0
12,122934,1,1,0,1,1,2,2,31,1510,23,12,2016,6,20,10,1,2,3,1,3,SR-111,,99998,30.33268056,-81.730919440000,0,8,0,0,1,1,0,1,3,1,0,1,0,0000000,99,99,99,99,99,99,0,0,0,1,0
12,122935,2,2,0,0,0,3,3,9,0,19,10,2016,4,21,55,1,1,2,1,2,US-1,,99998,28.23533056,-80.675538890000,0,12,1,0,1,1,4,1,2,1,0,1,0,0000000,99,99,99,99,88,88,0,0,0,1,0
12,122936,2,2,0,0,0,3,3,1,1130,12,12,2016,2,9,50,1,2,3,1,3,SR-121,20TH AVE,99998,29.63421111,-82.372625000000,0,12,6,0,2,2,0,1,1,1,0,1,0,0000000,99,99,99,99,99,99,0,0,0,2,0
12,122937,1,1,0,0,0,1,1,103,0,8,6,2016,4,17,0,0,1,3,25,7,28TH ST,50TH AVE,99998,27.81743333,-82.671350000000,0,1,0,1,2,3,0,1,1,10,0,10,0,0000000,99,99,99,99,99,99,0,0,0,1,0
12,122938,2,2,0,0,0,3,3,53,0,14,7,2016,5,20,11,1,1,3,1,2,US-19,CORTEZ BLVD,99998,28.51861389,-82.571558330000,0,12,6,0,2,2,0,1,3,1,0,1,0,0000000,99,99,99,99,99,99,0,0,0,1,0
12,122940,1,1,0,1,1,1,1,9,0,25,12,2016,1,22,49,1,1,2,1,2,US-1,,99998,28.50508889,-80.784083330000,0,8,0,0,1,1,0,1,3,10,0,10,0,0000000,99,99,99,99,88,88,0,0,0,1,0
12,122941,1,1,0,1,1,1,1,99,1190,29,12,2016,5,18,43,0,2,6,25,5,JOG RD,,99998,26.61099167,-80.146763890000,0,8,0,0,1,1,0,1,3,1,0,1,0,0000000,99,99,99,99,99,99,0,0,0,1,0
12,122942,2,1,1,0,0,3,3,55,1730,2,9,2016,6,16,10,0,1,5,25,5,PLUMOSA ST,,99998,27.29306111,-81.358380560000,0,14,0,0,1,1,0,5,1,10,0,10,0,0000000,99,99,99,99,99,99,0,0,0,1,0
12,122943,2,2,0,0,0,3,3,1,1130,18,9,2016,1,12,54,1,1,3,1,3,SR-24,WALDO RD,99998,29.78731389,-82.171622220000,0,12,1,0,3,3,0,1,1,1,0,1,0,0000000,99,99,99,99,88,88,0,0,0,1,0
12,122944,2,2,0,0,0,4,4,99,3190,11,9,2016,1,8,13,1,2,3,1,3,SR-704A,,99998,26.72426389,-80.066700000000,0,12,1,0,1,1,0,1,1,1,0,1,0,0000000,99,99,99,99,99,99,0,0,0,1,0
12,122945,1,1,0,0,0,3,3,69,1240,13,10,2016,5,22,20,1,2,3,1,3,SR-50,CILLA CITY RD,99998,28.56492222,-81.867802780000,0,5,0,0,3,3,0,1,3,1,0,1,0,0000000,99,99,99,99,99,99,0,0,0,1,0
12,122946,1,1,0,1,1,1,1,9,2005,16,11,2016,4,10,15,0,1,4,25,4,CR-3,,99998,28.25650000,-80.660755560000,0,9,0,0,1,1,0,1,1,1,0,1,0,0000000,99,99,99,99,99,99,0,0,0,1,0
12,122948,1,1,0,1,1,1,1,86,735,21,11,2016,2,21,35,1,2,3,1,2,US-1,BELVIEW DR,99998,25.58530278,-80.363080560000,0,9,0,0,2,3,0,1,3,1,0,1,0,0000000,99,99,99,99,88,88,0,0,0,1,0
12,122949,1,1,0,0,0,1,1,99,0,30,12,2016,6,20,56,1,1,3,1,3,SR-710,,99998,26.82940000,-80.181119440000,0,1,0,0,1,1,0,3,2,1,0,1,0,0000000,99,99,99,99,99,99,0,0,0,1,0
12,122950,3,3,0,0,0,4,4,99,0,29,12,2016,5,5,24,1,1,2,1,2,US-98,,99998,26.67894444,-80.157902780000,0,24,0,0,1,1,0,4,3,1,0,1,0,0000000,99,99,99,99,99,99,0,0,0,1,1
12,122951,2,2,0,0,0,3,3,69,1820,20,8,2016,7,21,30,0,1,5,25,5,CITRUS BLVD,AKRON DR,99998,28.83215833,-81.888077780000,0,12,1,0,3,2,0,1,3,1,0,1,0,0000000,99,99,99,99,99,99,0,0,0,1,0
12,122952,2,2,0,0,0,2,2,99,2660,30,4,2016,7,21,5,1,2,3,1,3,SR-710,AUSTRALIAN AVENUE,99998,26.76960556,-80.071322220000,0,12,6,0,2,2,0,1,3,1,0,1,0,0000000,99,99,99,99,88,88,0,0,0,1,1
12,122953,2,2,0,0,0,3,3,81,2440,22,11,2016,3,17,30,1,2,3,1,2,US-41,23RD ST,99998,27.53366944,-82.571913890000,0,12,6,0,2,3,0,1,5,1,0,1,0,0000000,99,99,99,99,99,99,0,0,0,1,0
12,122954,1,1,0,0,0,1,1,11,2948,27,11,2016,1,5,24,0,1,5,25,5,COMMERCIAL BLVD,,99998,26.18718056,-80.206800000000,0,33,0,0,1,1,0,4,3,1,0,1,0,0000000,99,99,99,99,99,99,0,0,0,1,0
12,122955,2,2,0,0,0,2,2,19,0,26,11,2016,7,10,8,1,1,3,1,3,SR-16,MARSHALL LN,99998,29.98292778,-81.776383330000,0,12,2,0,1,1,0,1,1,1,0,1,0,0000000,99,99,99,99,99,99,0,0,0,1,0
12,122956,1,1,0,0,0,1,1,111,2601,5,12,2016,2,18,37,0,2,5,25,5,JENNINGS RD,,99998,27.27916389,-80.292944440000,0,25,0,0,1,1,0,3,7,1,0,1,0,0000000,99,99,99,99,99,99,0,0,0,1,0
12,122957,1,1,0,1,1,1,1,11,663,7,12,2016,4,16,6,0,1,7,25,6,49TH PL,,99998,26.05823056,-80.281586110000,0,8,0,0,4,1,0,1,1,1,0,1,0,0000000,99,99,99,99,99,99,0,0,0,1,0
12,122958,1,1,0,1,1,1,1,57,0,8,12,2016,5,10,17,0,1,7,25,6,ROYAL BONNET DR,,99998,27.74528056,-82.412477780000,0,9,0,0,1,1,0,1,1,1,0,1,0,0000000,99,99,99,99,88,88,0,0,0,1,0
12,122959,1,1,0,1,1,1,1,113,1245,28,11,2016,2,12,5,0,1,7,25,6,DANIEL DR,,99998,30.36003611,-87.167458330000,0,8,0,0,1,1,0,1,1,1,0,1,0,0000000,99,99,99,99,99,99,0,0,0,1,0
12,122960,1,1,0,1,1,1,1,5,2450,19,12,2016,2,5,40,1,2,3,1,3,SR-77,SR-368,99998,30.18961667,-85.649966670000,0,8,0,0,3,2,0,1,3,2,0,2,0,0000000,99,99,99,99,99,99,0,0,0,1,0
12,122961,1,1,0,1,1,1,1,109,0,15,12,2016,5,22,28,0,1,7,25,6,MASTERS DR,,99998,29.90866111,-81.333161110000,0,8,0,0,1,1,0,1,2,1,0,1,0,0000000,99,99,99,99,99,99,0,0,0,1,0
12,122962,1,1,0,1,1,1,1,86,0,15,12,2016,5,20,6,0,1,7,25,6,5TH CT,81 ST ST,99998,25.84900000,-80.206211110000,0,8,0,0,3,2,0,1,3,1,0,1,0,0000000,99,99,99,99,99,99,0,0,0,1,0
12,122963,1,1,0,0,0,2,2,11,2948,24,12,2016,7,19,52,1,2,3,1,3,SR-817,,99998,26.21597500,-80.252636110000,0,33,0,0,1,1,0,3,3,2,0,2,0,0000000,99,99,99,99,99,99,0,0,0,1,0
12,122964,1,1,0,0,0,1,1,11,633,24,12,2016,7,9,51,0,1,7,25,6,COCONUT CREEK PKWY,,99998,26.24457500,-80.190927780000,0,42,0,0,1,1,0,3,1,1,0,1,0,0000000,99,99,99,99,88,88,0,0,0,1,0
12,122965,1,1,0,1,1,1,1,11,633,29,12,2016,5,5,59,0,1,5,25,5,40TH ST,,99998,26.27837778,-80.197886110000,0,8,0,0,1,1,0,1,2,1,0,1,0,0000000,99,99,99,99,99,99,0,0,0,1,0
12,122966,1,1,0,1,1,1,1,31,1510,10,12,2016,7,21,40,0,2,3,25,7,WISTERIA ST,,99998,30.37570000,-81.703400000000,0,9,0,0,1,1,0,1,3,1,0,1,0,0000000,99,99,99,99,99,99,0,0,0,1,0
12,122967,1,1,0,1,1,1,1,99,820,11,12,2016,1,22,1,0,2,5,25,5,LINTON BLVD,,99998,26.43959167,-80.094611110000,0,8,0,0,1,1,0,1,3,2,0,2,0,0000000,99,99,99,99,99,99,0,0,0,1,0
12,122968,1,1,0,1,1,1,1,69,1820,30,12,2016,6,18,10,1,2,2,1,2,US-441,,99998,28.82314444,-81.787061110000,0,8,0,0,1,1,0,1,3,1,0,1,0,0000000,99,99,99,99,99,99,0,0,0,1,0
12,122969,1,1,0,0,0,1,1,103,570,1,12,2016,5,1,55,0,2,3,25,7,FAIRMONT ST,,99998,27.98274444,-82.790261110000,0,30,0,0,1,1,0,4,3,1,0,1,0,0000000,99,99,99,99,88,88,0,0,0,1,0
12,122970,1,1,0,1,1,1,1,103,570,1,12,2016,5,14,5,0,2,5,25,5,MISSOURI AVE,JEFFORDS ST,99998,27.95351944,-82.787502780000,0,8,0,1,2,2,0,1,1,1,0,1,0,0000000,99,99,99,99,99,99,0,0,0,1,0
12,122971,1,1,0,0,0,1,1,103,2806,21,12,2016,4,2,27,1,2,3,1,3,SR-66,,99998,27.81307500,-82.787555560000,0,1,0,0,1,1,0,4,3,1,0,1,0,0000000,99,99,99,99,88,88,0,0,0,1,1
12,122972,2,2,0,0,0,2,2,99,290,7,12,2016,4,4,20,1,2,1,1,1,I-5,,99998,26.36816111,-80.118350000000,0,12,6,0,1,1,0,1,3,1,0,1,0,0000000,99,99,99,99,88,88,0,0,0,1,0
12,122973,1,1,0,1,1,1,1,86,0,15,12,2016,5,20,14,0,2,5,25,5,NW 169TH ST,,99998,25.92641944,-80.322655560000,0,8,0,0,1,1,0,1,3,1,0,1,0,0000000,99,99,99,99,88,88,0,0,0,1,0
12,122974,3,3,0,0,0,4,4,127,920,3,3,2016,5,12,32,1,2,3,1,2,US-1,CORY DR,99998,28.94261667,-80.881994440000,0,12,6,0,3,3,0,1,1,1,0,1,0,0000000,99,99,99,99,88,88,0,0,0,1,0
12,122975,2,2,0,0,0,3,3,55,130,28,11,2016,2,18,35,1,2,3,1,3,SR-98,COLLEGE DR,99998,27.56993889,-81.514330560000,0,12,2,0,2,2,0,1,3,1,0,1,0,0000000,99,99,99,99,99,99,0,0,0,1,0
12,122976,1,1,0,1,1,1,1,57,2950,6,3,2016,1,16,55,0,2,7,25,6,HOWARD AVE N,CORDELIA ST W,99998,27.96887222,-82.482783330000,0,8,0,0,2,2,0,1,1,1,0,1,0,0000000,99,99,99,99,88,88,0,0,0,1,0
12,122977,1,1,0,0,0,1,1,127,2580,18,3,2016,6,20,37,0,1,5,25,5,TOWN WEST BLVD,SR-415,99998,29.11118056,-81.070050000000,0,33,0,0,3,3,0,3,3,10,0,10,0,0000000,99,99,99,99,88,88,0,0,0,1,0
12,122978,1,1,0,0,0,1,1,1,1130,4,9,2016,1,23,33,1,2,3,1,2,US-441,,99998,29.71299167,-82.355038890000,0,33,0,0,1,1,0,4,3,10,0,10,0,0000000,99,99,99,99,99,99,0,0,0,1,0
12,122979,1,1,0,1,1,1,1,5,1850,22,8,2016,2,8,17,0,2,5,25,4,CR-389,DELAWARE AVE,99998,30.24043056,-85.632750000000,0,9,0,0,1,1,0,1,1,1,0,1,0,0000000,99,99,99,99,99,99,0,0,0,1,0
12,122980,2,2,0,0,0,4,4,69,1630,14,5,2016,7,21,16,0,1,4,25,4,CR-466,ROLLING ACRES RD,99998,28.91606111,-81.937147220000,0,12,1,0,2,2,0,1,3,1,0,1,0,0000000,99,99,99,99,99,99,0,0,0,1,1
12,122981,2,2,0,0,0,2,2,11,2541,21,12,2016,4,13,39,1,2,3,1,3,SR-842,48TH AVE,99998,26.12100278,-80.214025000000,0,12,6,0,2,3,0,1,1,10,0,10,0,0000000,99,99,99,99,99,99,0,0,0,1,0
12,122982,1,1,0,1,1,1,1,11,1927,16,12,2016,6,5,30,0,2,5,25,5,ROCK ISLAND RD,SOUTHGATE BLVD,99998,26.22825833,-80.221044440000,0,9,0,0,3,2,0,1,3,1,0,1,0,0000000,99,99,99,99,99,99,0,0,0,1,0
12,122983,1,1,0,1,1,1,1,11,672,28,12,2016,4,19,33,0,2,5,25,5,RIVERSIDE DR,,99998,26.28576944,-80.234025000000,0,8,0,0,1,1,0,1,3,1,0,1,0,0000000,99,99,99,99,99,99,0,0,0,1,0
12,122984,1,1,0,1,1,2,2,127,2190,20,10,2016,5,11,28,1,1,3,1,2,US-1,,99998,29.04276111,-80.934033330000,0,8,0,0,1,1,0,1,1,1,0,1,0,0000000,99,99,99,99,99,99,0,0,0,1,0
12,122985,1,1,0,1,1,1,1,86,2010,1,2,2016,2,20,35,0,2,5,25,5,22TH AVE,36TH ST,99998,25.80925278,-80.232036110000,0,8,0,0,3,2,0,1,2,1,0,1,0,0000000,99,99,99,99,99,99,0,0,0,1,0
12,122986,2,2,0,0,0,2,2,121,0,30,6,2016,5,14,20,1,2,3,1,2,US-129,,99998,30.25188056,-82.988000000000,0,12,2,0,1,1,0,1,1,2,0,2,0,0000000,99,99,99,99,99,99,0,0,0,1,0
12,122987,1,1,0,1,1,1,1,103,1572,8,10,2016,7,22,44,0,1,5,25,5,66TH ST,,99998,27.81481667,-82.728477780000,0,8,0,0,1,1,0,1,3,1,0,1,0,0000000,99,99,99,99,88,88,0,0,0,1,0
12,122988,1,1,0,1,1,1,1,11,1927,18,2,2016,5,19,0,0,1,7,25,6,NW 69TH TER,NW 15TH ST,99998,26.24756111,-80.218200000000,0,8,0,0,3,3,0,1,5,1,0,1,0,0000000,99,99,99,99,99,99,0,0,0,1,0
12,122989,2,2,0,0,0,2,2,86,2010,14,7,2016,5,0,22,0,2,5,25,5,SW 37TH AVE,,99998,25.73116111,-80.253797220000,0,42,0,0,1,1,0,3,3,1,0,1,0,0000000,99,99,99,99,88,88,0,0,0,1,0
12,122990,1,1,0,0,0,1,1,86,2010,16,7,2016,7,8,50,0,2,5,25,5,NW 13TH AVE,,99998,25.78631389,-80.220758330000,0,3,0,0,1,1,0,5,1,1,0,1,0,0000000,99,99,99,99,99,99,0,0,0,1,0
12,122991,3,3,0,0,0,6,6,85,2900,1,11,2016,3,19,23,0,1,5,25,5,WILLOUGHBY BLVD,,99998,27.17429722,-80.246902780000,0,12,2,0,1,1,0,1,5,1,0,1,0,0000000,99,99,99,99,99,99,0,0,0,1,0
12,122992,1,1,0,1,1,1,1,11,1050,14,6,2016,3,20,58,1,2,3,1,3,SR-938,,99998,26.13679722,-80.148080560000,0,8,0,0,1,1,0,1,3,1,0,1,0,0000000,99,99,99,99,99,99,0,0,0,1,0
12,122993,1,1,0,1,1,1,1,11,2570,1,6,2016,4,16,33,0,1,5,25,5,15TH ST,46TH AV,99998,26.20971389,-80.188041670000,0,8,0,0,3,2,0,1,1,1,0,1,0,0000000,99,99,99,99,88,88,0,0,0,1,0
12,122994,1,1,0,0,0,2,2,11,2570,26,6,2016,1,6,0,0,2,5,25,5,ANDREWS AVE,,99998,26.24938889,-80.276975000000,0,33,0,0,1,1,0,3,4,1,0,1,0,0000000,99,99,99,99,99,99,0,0,0,1,0
12,122995,1,1,0,1,1,1,1,11,2260,24,7,2016,1,21,48,0,1,5,25,5,COMMERCIAL BLVD,,99998,26.18897778,-80.129330560000,0,8,0,0,1,1,0,1,3,1,0,1,0,0000000,99,99,99,99,99,99,0,0,0,1,0
12,122996,2,2,0,0,0,2,2,111,2601,26,8,2016,6,20,9,0,2,3,25,7,WALTON RD,VILLAGE GREEN DR,99998,27.29903889,-80.297161110000,0,12,2,0,3,2,0,1,3,2,0,2,0,0000000,99,99,99,99,88,88,0,0,0,1,1
12,122997,1,1,0,1,1,1,1,99,0,4,11,2016,6,21,32,0,1,7,25,6,MILITARY TRL,CHERRY RD,99998,26.69707222,-80.111505560000,0,8,0,1,3,2,0,1,3,1,0,1,0,0000000,99,99,99,99,99,99,0,0,0,1,0
12,122998,2,2,0,0,0,2,2,85,2900,29,12,2016,5,22,41,1,1,3,1,2,US-1,MONTEREY RD EXT,99998,27.17548333,-80.234244440000,0,12,99,0,2,2,0,1,3,10,0,10,0,0000000,99,99,99,99,99,99,0,0,0,1,1
12,122999,1,1,0,0,0,1,1,85,2900,29,10,2016,7,2,23,0,2,6,25,5,MONTEREY ROAD,DIXIE HWY,99998,27.18132778,-80.236305560000,0,43,0,0,3,2,0,4,3,1,0,1,0,0000000,99,99,99,99,99,99,0,0,0,1,0
12,123000,1,1,0,0,0,1,1,99,0,5,9,2016,2,0,30,0,2,5,25,5,115TH AVE N,167TH PLACE N,99998,26.92385278,-80.216008330000,0,38,0,0,3,3,0,4,2,10,0,10,0,0000000,99,99,99,99,88,88,0,0,0,1,1
12,123002,3,3,0,0,0,5,5,99,3190,16,7,2016,7,4,7,1,1,3,1,3,SR-704,S MILTARY TRAIL,99998,26.70674444,-80.111172220000,0,12,1,0,3,2,0,1,3,1,0,1,0,0000000,99,99,99,99,99,99,0,0,0,1,1
12,123003,1,1,0,0,0,2,2,87,1580,29,8,2016,2,22,55,0,1,5,25,5,ROOSEVELT BLVD,,99998,24.56437222,-81.750319440000,0,33,0,0,1,1,0,4,3,1,0,1,0,0000000,99,99,99,99,99,99,0,0,0,1,0
12,123004,1,1,0,0,0,1,1,1,1130,26,11,2016,7,0,43,0,2,5,25,5,23RD AVE,43RD ST,99998,29.67412778,-82.388944440000,0,33,0,0,3,2,0,4,3,1,0,1,0,0000000,99,99,99,99,99,99,0,0,0,1,0
12,123005,1,1,0,1,1,1,1,9,0,30,12,2016,6,12,5,1,1,1,1,1,I-95,,99998,28.11556111,-80.705811110000,0,8,0,0,1,1,0,1,1,1,0,1,0,0000000,99,99,99,99,99,99,0,0,0,1,0
12,123006,1,1,0,1,1,1,1,86,2010,29,5,2016,1,1,0,0,1,5,25,5,8TH ST,,99998,25.76617778,-80.200811110000,0,8,0,0,1,1,0,1,3,1,0,1,0,0000000,99,99,99,99,99,99,0,0,0,1,0
12,123007,1,1,0,1,1,1,1,86,2010,12,8,2016,6,20,20,0,2,5,25,5,27TH AVE,,99998,25.78805556,-80.239536110000,0,8,0,0,1,1,0,1,3,1,0,1,0,0000000,99,99,99,99,99,99,0,0,0,1,0
12,123008,2,1,1,0,0,1,1,5,0,6,12,2016,3,1,15,1,1,3,1,3,SR-30,,99998,30.17896944,-85.798425000000,0,42,0,0,1,1,0,6,2,10,0,10,0,0000000,99,99,99,99,88,88,0,0,0,1,1
12,123009,1,1,0,0,0,1,1,127,2375,6,11,2016,1,15,29,0,2,3,25,7,BEACH ST,,99998,29.34206111,-81.085125000000,0,24,0,0,1,1,0,4,1,1,0,1,0,0000000,99,99,99,99,99,99,0,0,0,1,0
12,123010,1,1,0,1,1,1,1,127,2850,10,10,2016,2,17,18,0,2,5,25,5,REED CANAL RD,CITRUS AVE,99998,29.15651944,-81.014791670000,0,9,0,0,1,1,0,1,1,1,0,1,0,0000000,99,99,99,99,88,88,0,0,0,1,1
12,123011,1,1,0,0,0,1,1,127,2580,19,10,2016,4,18,10,1,1,3,1,3,SR-5,HOWES ST,99998,29.12709444,-80.984675000000,0,1,0,0,3,3,0,1,1,1,0,1,0,0000000,99,99,99,99,99,99,0,0,0,1,0
12,123012,2,2,0,0,0,2,2,57,0,11,12,2016,1,11,3,0,1,4,25,4,CR-580,COUNTRY MEADOWS BL,99998,28.04752222,-82.121666670000,0,12,6,0,2,3,0,1,1,10,0,10,0,0000000,99,99,99,99,99,99,0,0,0,1,0
12,123013,1,1,0,0,0,1,1,57,2540,19,11,2016,7,2,30,0,2,3,25,7,BOOT BAY RD,WHITEHURST RD,99998,28.02524444,-82.158197220000,0,30,0,0,3,2,0,4,2,1,0,1,0,0000000,99,99,99,99,88,88,0,0,0,1,0
12,123015,2,2,0,0,0,2,2,11,672,18,12,2016,1,22,6,1,1,3,1,3,SR-7,,99998,26.28406944,-80.201819440000,0,12,6,0,1,1,0,1,3,1,0,1,0,0000000,99,99,99,99,88,88,0,0,0,1,0
12,123016,2,2,0,0,0,2,2,127,780,7,11,2016,2,7,16,1,1,3,1,3,SR-5A,MADISON AVE,99998,29.21665556,-81.046405560000,0,12,2,0,2,2,0,1,1,1,0,1,0,0000000,99,99,99,99,99,99,0,0,0,1,0
12,123017,1,1,0,1,1,1,1,127,780,28,10,2016,6,23,1,1,1,3,1,3,SR-A1A,,99998,29.25188889,-81.020288890000,0,15,0,0,1,1,0,1,2,1,0,1,0,0000000,99,99,99,99,99,99,0,0,0,1,0