STATE,ST_CASE,VE_TOTAL,VE_FORMS,PVH_INVL,PEDS,PERNOTMVIT,PERMVIT,PERSONS,COUNTY,CITY,DAY,MONTH,YEAR,DAY_WEEK,HOUR,MINUTE,NHS,RUR_URB,FUNC_SYS,RD_OWNER,ROUTE,TWAY_ID,TWAY_ID2,MILEPT,LATITUDE,LONGITUD,SP_JUR,HARM_EV,MAN_COLL,RELJCT1,RELJCT2,TYP_INT,WRK_ZONE,REL_ROAD,LGT_COND,WEATHER1,WEATHER2,WEATHER,SCH_BUS,RAIL,NOT_HOUR,NOT_MIN,ARR_HOUR,ARR_MIN,HOSP_HR,HOSP_MN,CF1,CF2,CF3,FATALS,DRUNK_DR
12,123018,1,1,0,1,1,1,1,9,2785,11,10,2016,3,20,51,1,1,3,1,3,SR-A1A,,99998,28.17844444,-80.591038890000,0,8,0,0,1,1,0,1,3,1,0,1,0,0000000,99,99,99,99,99,99,0,0,0,1,0
12,123019,1,1,0,1,1,1,1,86,0,22,11,2016,3,10,20,0,2,5,25,5,72ND AVE,31ST ST,99998,25.80258056,-80.313180560000,0,9,0,0,3,3,0,1,1,1,0,1,0,0000000,99,99,99,99,99,99,0,0,0,1,0
12,123020,3,3,0,0,0,3,3,86,1340,30,12,2016,6,6,45,0,2,7,25,6,10TH PL,42ND AVE,99998,25.81351111,-80.264719440000,0,12,6,0,3,2,0,1,1,1,0,1,0,0000000,99,99,99,99,88,88,0,0,0,1,0
12,123021,2,2,0,0,0,2,2,86,0,13,2,2016,7,17,56,0,2,4,25,5,SW 104TH ST,SW 122ND AVE,99998,25.67169444,-80.392147220000,0,12,6,0,2,2,0,1,1,1,0,1,0,0000000,99,99,99,99,99,99,0,0,0,1,0
12,123022,2,2,0,0,0,2,2,86,0,8,3,2016,3,21,40,0,2,5,25,5,SW 92ND AVE,SW 142ND ST,99998,25.63804167,-80.341997220000,0,12,6,0,2,3,0,1,1,1,0,1,0,0000000,99,99,99,99,99,99,0,0,0,1,0
12,123023,2,2,0,0,0,9,9,69,1820,9,8,2016,3,10,40,1,2,3,1,2,US-441,FERN DR,99998,28.81796667,-81.845383330000,0,12,6,0,3,3,0,1,1,10,0,10,0,0000000,99,99,99,99,99,99,0,0,0,1,0
12,123024,1,1,0,0,0,1,1,99,290,11,11,2016,6,8,28,0,1,4,4,3,SR-794,,99998,26.39461389,-80.080997220000,0,18,0,0,6,1,0,1,1,1,0,1,0,628163X,99,99,99,99,88,88,0,0,0,1,0
12,123025,2,2,0,0,0,2,2,99,290,12,8,2016,6,9,1,0,1,5,25,5,COCO PLUM BLVD,59TH ST,99998,26.40175000,-80.132655560000,0,12,2,0,2,3,0,1,1,1,0,1,0,0000000,99,99,99,99,99,99,0,0,0,1,0
12,123026,2,2,0,0,0,2,2,99,290,19,4,2016,3,10,53,1,1,3,1,3,SR-809,VERDE TRAIL,99998,26.35730556,-80.128805560000,0,12,6,0,2,2,0,1,1,1,0,1,0,0000000,99,99,99,99,99,99,0,0,0,1,0
12,123027,2,2,0,0,0,4,4,9,2424,27,8,2016,7,1,20,0,1,7,25,6,WINGHAM DR SW,TAFON CIR SW,99998,27.94660278,-80.707283330000,0,12,6,0,2,3,0,1,2,1,0,1,0,0000000,99,99,99,99,99,99,0,0,0,2,0
12,123028,1,1,0,0,0,2,2,69,2970,9,3,2016,4,0,42,0,2,5,25,5,ST CLAIR AMRAMS AVE,LAKE FRANCES BLVD,99998,28.81292222,-81.725619440000,0,42,0,0,3,3,0,5,2,1,0,1,0,0000000,99,99,99,99,99,99,0,0,0,1,0
12,123030,2,2,0,0,0,3,3,11,672,20,8,2016,7,2,30,1,2,3,1,2,US-441,WILES RD,99998,26.28623889,-80.202066670000,0,12,1,0,3,2,0,1,3,1,0,1,0,0000000,99,99,99,99,99,99,0,0,0,1,0
12,123031,2,2,0,0,0,6,6,11,672,27,12,2016,3,10,43,0,2,6,25,5,W SAMPLE RD,NW 101 AVE,99998,26.27245556,-80.260469440000,0,12,6,0,2,2,0,1,1,1,0,1,0,0000000,99,99,99,99,99,99,0,0,0,1,0
12,123032,2,2,0,2,2,3,3,86,2023,6,6,2016,2,23,44,0,2,5,25,5,37TH AVE,,99998,25.94088889,-80.261377780000,0,8,0,0,1,1,0,1,3,10,0,10,0,0000000,99,99,99,99,99,99,0,0,0,1,0
12,123033,1,1,0,1,1,1,1,103,2730,16,8,2016,3,19,45,0,1,5,25,5,7TH ST,,99998,27.78815278,-82.642508330000,0,8,0,0,1,1,0,1,5,1,0,1,0,0000000,99,99,99,99,99,99,0,0,0,1,0
12,123034,1,1,0,1,1,2,2,57,2950,13,8,2016,7,23,4,0,2,5,25,5,HILLSBOROUGH AVE,,99998,27.99601111,-82.511838890000,0,8,0,0,1,1,0,1,2,1,0,1,0,0000000,99,99,99,99,99,99,0,0,0,1,0
12,123035,2,2,0,0,0,2,2,105,0,15,11,2016,3,9,45,1,2,3,1,2,US-92,,99998,28.06021667,-81.799291670000,0,12,6,0,1,1,0,1,1,1,0,1,0,0000000,99,99,99,99,99,99,0,0,0,1,0
12,123036,2,2,0,0,0,5,5,105,0,28,10,2016,6,6,24,1,2,3,1,2,US-27,PRINCETON AVE,99998,27.69137778,-81.563491670000,0,12,6,0,2,3,0,1,3,1,0,1,0,0000000,99,99,99,99,99,99,0,0,0,2,0
12,123037,1,1,0,1,1,1,1,105,0,13,10,2016,5,18,32,0,1,5,25,5,SADDLEWOOD BLVD,1130 SADDLEWOOD BLVD,99998,28.23692222,-81.972100000000,0,8,0,0,8,1,0,1,1,1,0,1,0,0000000,99,99,99,99,99,99,0,0,0,1,0
12,123038,1,1,0,0,0,1,1,127,780,18,12,2016,1,2,30,1,2,3,1,3,SR-5,NORTH ST,99998,29.22175833,-81.028602780000,0,18,0,0,3,2,0,1,3,1,0,1,0,0000000,99,99,99,99,99,99,0,0,0,1,0
12,123039,2,2,0,0,0,4,4,103,2530,4,11,2016,6,14,0,1,1,3,1,3,SR-693,90TH AVE,99998,27.85374444,-82.728672220000,0,12,6,0,2,3,0,1,1,1,0,1,0,0000000,99,99,99,99,99,99,0,0,0,2,0
12,123040,6,6,0,1,1,16,16,9,3000,2,11,2016,4,19,31,0,2,5,25,5,WASHINGTON AVE,,99998,28.63190833,-80.826633330000,0,8,0,0,1,1,0,1,2,1,0,1,0,0000000,99,99,99,99,88,88,0,0,0,1,0
12,123041,2,2,0,0,0,3,3,9,3000,23,9,2016,6,21,48,0,2,5,25,5,WASHINGTON AVE,COQUINA AVE,99998,28.56280833,-80.798486110000,0,12,6,0,2,2,0,1,3,1,0,1,0,0000000,99,99,99,99,88,88,0,0,0,1,1
12,123042,2,2,0,0,0,2,2,11,0,16,3,2016,4,18,10,0,1,7,25,6,29TH TERR,5TH ST,99998,26.12683333,-80.183602780000,0,12,6,0,2,2,0,1,1,1,0,1,0,0000000,99,99,99,99,99,99,0,0,0,1,0
12,123043,2,2,0,0,0,5,5,127,780,10,3,2016,5,22,50,1,1,3,1,3,SR-A1A,,99998,29.24357222,-81.016322220000,0,12,7,0,1,1,0,1,1,1,0,1,0,0000000,99,99,99,99,99,99,0,0,0,1,0
12,123044,2,2,0,0,0,3,3,103,2530,27,12,2016,3,16,35,0,2,5,25,5,122ND AVE,46TH ST,99998,27.88285278,-82.696244440000,0,12,6,0,2,2,0,1,1,1,0,1,0,0000000,99,99,99,99,99,99,0,0,0,1,0
12,123045,1,1,0,1,1,1,1,127,780,22,11,2016,3,20,29,1,2,3,1,2,US-92,INDIGO DR,99998,29.17746944,-81.081658330000,0,8,0,0,2,2,0,1,3,1,0,1,0,0000000,99,99,99,99,88,88,0,0,0,1,0
12,123046,1,1,0,0,0,4,4,11,2541,3,7,2016,1,3,31,0,2,5,25,5,W BROWARD BLVD,,99998,26.12125556,-80.301133330000,0,53,0,0,1,1,0,4,3,10,0,10,0,0000000,99,99,99,99,99,99,0,0,0,2,0
12,123047,1,1,0,1,1,1,1,127,780,17,10,2016,2,8,4,1,2,3,1,2,US-92,SR-5,99998,29.21080278,-81.022900000000,0,8,0,0,2,2,0,1,1,1,0,1,0,0000000,99,99,99,99,88,88,0,0,0,1,0
12,123048,2,2,0,0,0,2,2,86,844,8,3,2016,3,11,23,0,2,3,25,7,41ST ST,9501 41ST ST,99998,25.81172222,-80.351241670000,0,12,6,0,3,3,0,1,1,1,0,1,0,0000000,99,99,99,99,88,88,0,0,0,1,0
12,123049,1,1,0,0,0,1,1,105,0,25,9,2016,1,1,38,0,1,4,25,4,CR-540,,99998,28.00386944,-81.771630560000,0,33,0,0,1,1,0,4,2,1,0,1,0,0000000,99,99,99,99,99,99,0,0,0,1,1
12,123050,2,2,0,0,0,3,3,103,2530,14,10,2016,6,20,55,1,2,3,1,2,US-19,,99998,27.85184167,-82.692655560000,0,12,1,0,1,1,0,1,2,1,0,1,0,0000000,99,99,99,99,99,99,0,0,0,1,0
12,123051,1,1,0,1,1,2,2,105,0,11,9,2016,1,2,20,0,2,6,25,5,HUNT BROS RD,,99998,27.88282500,-81.555933330000,0,8,0,0,1,1,0,1,2,1,0,1,0,0000000,99,99,99,99,99,99,0,0,0,1,0
12,123052,1,1,0,0,0,1,1,105,0,18,8,2016,5,22,32,0,1,4,25,4,CR-54,,99998,28.25558333,-81.651047220000,0,33,0,0,1,1,0,4,3,1,0,1,0,0000000,99,99,99,99,88,88,0,0,0,1,0
12,123053,2,2,0,0,0,2,2,103,2530,19,10,2016,4,18,0,1,1,3,1,3,SR-694,43RD ST,99998,27.83916667,-82.691883330000,0,12,6,0,2,2,0,1,1,1,0,1,0,0000000,99,99,99,99,99,99,0,0,0,1,0
12,123054,1,1,0,1,1,1,1,103,2530,20,10,2016,5,20,0,1,1,3,1,3,SR-694,,99998,27.83916111,-82.695633330000,0,8,0,0,1,1,0,1,2,1,0,1,0,0000000,99,99,99,99,99,99,0,0,0,1,0
12,123055,2,2,0,0,0,3,3,57,2950,27,11,2016,1,6,26,0,1,5,25,5,40TH ST,HENRY AVE,99998,27.99974167,-82.414066670000,0,12,6,0,2,2,0,1,3,1,0,1,0,0000000,99,99,99,99,99,99,0,0,0,1,0
12,123056,2,2,0,0,0,2,2,71,1823,5,12,2016,2,7,29,1,2,3,1,3,SR-82,,99998,26.58345000,-81.717655560000,0,12,6,0,1,1,0,1,1,5,0,5,0,0000000,99,99,99,99,99,99,0,0,0,1,0
12,123057,2,2,0,0,0,3,3,11,2570,24,12,2016,7,0,16,0,2,3,25,7,CYPRESS RD,,99998,26.21062222,-80.123127780000,0,12,6,0,1,1,0,1,3,2,0,2,0,0000000,99,99,99,99,99,99,0,0,0,1,0
12,123058,2,2,0,0,0,2,2,69,960,21,11,2016,2,14,41,0,1,4,25,4,CR-44,ROTARY DR,99998,28.87527500,-81.696008330000,0,12,6,0,2,2,0,1,1,10,0,10,0,0000000,99,99,99,99,99,99,0,0,0,1,0
12,123059,4,4,0,0,0,5,5,95,2360,20,11,2016,1,2,29,1,1,1,1,1,I-4,,99998,28.50917500,-81.410466670000,0,12,1,0,1,1,0,1,2,1,0,1,0,0000000,99,99,99,99,88,88,0,0,0,1,0
12,123060,2,2,0,0,0,2,2,95,2360,8,12,2016,5,21,10,1,2,2,1,3,SR-417,,99998,28.36876111,-81.311333330000,0,12,1,0,1,1,0,1,3,1,0,1,0,0000000,99,99,99,99,99,99,0,0,0,1,0
12,123061,2,2,0,0,0,2,2,11,1420,17,7,2016,1,20,47,1,1,3,1,3,SR-A1A,,99998,26.05229722,-80.143800000000,0,12,1,0,1,1,0,1,5,10,0,10,0,0000000,99,99,99,99,99,99,0,0,0,1,1
12,123062,8,8,0,0,0,8,8,95,2360,4,11,2016,6,13,19,0,2,5,25,5,S SEMORAN BLVD,TG LEE BLVD,99998,28.46036111,-81.309927780000,0,12,1,0,3,2,0,1,1,1,0,1,0,0000000,99,99,99,99,99,99,0,0,0,1,0
12,123063,2,2,0,1,1,1,1,95,2360,29,10,2016,7,2,12,1,1,1,1,1,I-4,,99998,28.46580833,-81.464016670000,0,12,1,0,1,1,0,1,2,1,0,1,0,0000000,99,99,99,99,99,99,23,0,0,1,0
12,123064,1,1,0,1,1,2,2,105,1690,4,12,2016,1,9,11,0,2,5,25,5,MARTHA AVE,,99998,28.07970278,-81.951786110000,0,9,0,0,1,1,0,1,1,1,0,1,0,0000000,99,99,99,99,99,99,0,0,0,1,0
12,123065,1,1,0,0,0,1,1,105,0,9,5,2016,2,5,52,0,1,5,25,5,PROVIDENCE BLVD,,99998,28.21960000,-81.552755560000,0,33,0,0,1,1,0,4,3,1,0,1,0,0000000,99,99,99,99,88,88,0,0,0,1,0
12,123066,1,1,0,1,1,1,1,95,2360,20,11,2016,1,3,23,0,2,3,25,7,CONLEY ST,,99998,28.53294444,-81.393219440000,0,8,0,0,1,1,0,1,3,1,0,1,0,0000000,99,99,99,99,99,99,0,0,0,1,0
12,123067,1,1,0,1,1,1,1,105,0,13,10,2016,5,4,45,0,1,7,25,6,ORANGE VALLEY DR,,99998,27.96680278,-81.953066670000,0,19,0,0,1,1,0,5,3,10,0,10,0,0000000,99,99,99,99,88,88,0,0,0,1,1
12,123068,1,1,0,1,1,1,1,95,2360,11,11,2016,6,23,13,1,1,3,1,3,SR-436,,99998,28.54585556,-81.310741670000,0,8,0,0,1,1,0,1,3,1,0,1,0,0000000,99,99,99,99,99,99,0,0,0,1,0
12,123069,1,1,0,1,1,1,1,105,0,6,10,2016,5,6,30,0,2,6,25,5,DUFF RD,,99998,28.13503611,-82.021675000000,0,8,0,0,1,1,0,1,2,10,0,10,0,0000000,99,99,99,99,88,88,0,0,0,1,0
12,123070,2,2,0,0,0,2,2,105,0,3,5,2016,3,18,15,0,2,3,25,7,DEEN STILL RD,,99998,28.25846389,-81.828863890000,0,12,2,0,1,1,0,1,1,1,0,1,0,0000000,99,99,99,99,99,99,0,0,0,1,0
12,123071,2,2,0,0,0,3,3,105,0,19,10,2016,4,18,15,0,1,4,25,4,CR-630,,99998,27.74806667,-81.875047220000,0,12,2,0,1,1,0,1,1,1,0,1,0,0000000,99,99,99,99,99,99,0,0,0,1,0
12,123072,2,2,0,0,0,2,2,9,3000,8,6,2016,4,8,5,0,1,3,1,3,SR-50,SISSON RD,99998,28.55748889,-80.806316670000,1,12,6,0,2,2,0,1,1,10,0,10,0,0000000,99,99,99,99,99,99,0,0,0,1,0
12,123073,1,1,0,0,0,2,2,117,3311,27,8,2016,7,4,47,0,2,3,25,7,SHEPARD RD,,99998,28.70661944,-81.306622220000,0,42,0,0,1,1,0,4,3,1,0,1,0,0000000,99,99,99,99,99,99,0,0,0,1,1
12,123074,1,1,0,1,1,1,1,115,2780,1,10,2016,7,5,57,0,2,3,25,7,ASPINWALL ST,,99998,27.33931944,-82.521902780000,0,8,0,0,1,1,0,1,3,1,0,1,0,0000000,99,99,99,99,99,99,0,0,0,1,0
12,123075,2,2,0,0,0,4,4,115,2780,28,7,2016,5,15,27,0,2,3,25,7,BENEVA RD,CIRCUS BLVD,99998,27.34120000,-82.497377780000,0,12,6,0,2,2,0,1,1,1,0,1,0,0000000,99,99,99,99,99,99,0,0,0,1,0
12,123076,2,2,0,0,0,2,2,127,810,23,2,2016,3,18,36,0,1,5,25,5,WOODLAND BLVD,MANSFIELD ST,99998,29.00719167,-81.302663890000,0,12,1,9,2,3,0,1,3,1,0,1,0,0000000,99,99,99,99,99,99,0,0,0,1,0
12,123077,1,1,0,1,1,1,1,97,2700,6,12,2016,3,9,54,0,2,3,25,7,10TH STREET,ARIZONA AVE,99998,28.24870556,-81.305450000000,0,15,0,0,3,2,0,1,1,10,0,10,0,0000000,99,99,99,99,99,99,0,0,0,1,0
12,123078,1,1,0,1,1,1,1,11,771,11,11,2016,6,20,46,0,2,3,25,7,STIRLING RD,,99998,26.04573889,-80.238238890000,0,8,0,0,1,1,0,1,3,1,0,1,0,0000000,99,99,99,99,88,88,0,0,0,1,0
12,123079,1,1,0,0,0,1,1,127,810,26,8,2016,6,22,56,1,1,3,1,3,SR-82,,99998,29.05507500,-81.291822220000,0,1,0,0,1,1,0,1,1,1,0,1,0,0000000,99,99,99,99,99,99,0,0,0,1,0
12,123080,1,1,0,1,1,1,1,95,70,19,10,2016,4,19,59,0,2,3,25,7,PIEDMONT WEKIWA RD,LAKE BRIDGE LN,99998,28.66958333,-81.467947220000,0,8,0,0,3,2,0,1,6,1,0,1,0,0000000,99,99,99,99,99,99,0,0,0,1,0
12,123081,1,1,0,0,0,1,1,105,0,5,11,2016,7,8,30,0,2,5,25,5,COMMONWEALTH AVE N,DEEN STILL RD E,99998,28.25849722,-81.824661110000,0,33,0,0,3,6,0,4,3,1,0,1,0,0000000,99,99,99,99,99,99,0,0,0,1,0
12,123082,1,1,0,0,0,1,1,95,70,24,11,2016,5,1,30,1,2,3,1,2,US-441,,99998,28.70101667,-81.576119440000,0,30,0,0,1,1,0,4,2,1,0,1,0,0000000,99,99,99,99,99,99,0,0,0,1,1
12,123083,3,3,0,0,0,5,5,105,0,29,11,2016,3,15,19,1,2,3,1,2,US-27 N,1ST AVE N,99998,27.83345000,-81.589644440000,0,12,6,0,2,2,0,1,1,1,0,1,0,0000000,99,99,99,99,99,99,14,0,0,1,0
12,123084,1,1,0,0,0,2,2,95,2360,7,5,2016,7,21,54,1,1,3,1,3,SR-600,,99998,28.58154444,-81.364675000000,0,33,0,0,1,1,0,4,3,1,0,1,0,0000000,99,99,99,99,99,99,0,0,0,2,0
12,123085,2,2,0,0,0,2,2,57,2950,23,10,2016,1,21,33,1,2,3,1,2,US-92,,99998,27.88595556,-82.558272220000,0,12,1,0,1,1,0,1,3,1,0,1,0,0000000,99,99,99,99,88,88,0,0,0,1,0
12,123086,2,2,0,0,0,10,10,105,0,6,2,2016,7,20,40,0,1,4,25,4,CR-580,,99998,28.14268333,-81.484838890000,0,12,2,0,1,1,0,1,2,2,0,2,0,0000000,99,99,99,99,99,99,0,0,0,3,0
12,123087,1,1,0,1,1,1,1,103,2730,7,12,2016,4,19,0,0,2,3,25,7,16TH ST,,99998,27.75694167,-82.654813890000,0,8,0,0,1,1,0,1,3,1,0,1,0,0000000,99,99,99,99,99,99,0,0,0,1,0
12,123088,1,1,0,0,0,1,1,86,0,20,5,2016,6,1,15,0,6,96,96,8,NEW N RIVER DR,,99998,25.79034444,-80.233388890000,0,5,0,0,1,1,0,2,3,1,0,1,0,0000000,99,99,99,99,88,88,0,0,0,1,0
12,123089,2,2,0,0,0,3,3,85,1482,17,5,2016,3,7,52,1,2,3,1,2,US-441,,99998,27.08707222,-80.657197220000,0,12,6,0,1,1,0,1,1,1,0,1,0,0000000,99,99,99,99,99,99,0,0,0,1,0
12,123090,1,1,0,0,0,1,1,11,672,7,12,2016,4,3,14,0,6,96,96,8,SORAL SPRINGS DR,,99998,26.23478333,-80.270630560000,0,33,0,0,1,1,0,3,3,1,0,1,0,0000000,99,99,99,99,88,88,0,0,0,1,0
12,123091,1,1,0,1,1,2,2,11,1782,15,7,2016,6,21,23,0,2,7,25,6,BROWARD BLVD,,99998,26.12115556,-80.190780560000,0,8,0,0,1,1,0,1,3,1,0,1,0,0000000,99,99,99,99,99,99,0,0,0,1,1
12,123092,2,2,0,0,0,2,2,11,1420,31,10,2016,2,17,11,0,2,5,25,5,CHARLESTON ST,72ND TER,99998,26.03867500,-80.233555560000,0,12,2,0,2,2,0,1,1,10,0,10,0,0000000,99,99,99,99,99,99,0,0,0,1,0
12,123093,1,1,0,1,1,1,1,86,0,22,10,2016,7,20,0,0,6,96,96,8,128TH CT,,99998,25.66276111,-80.402555560000,0,8,0,0,1,1,0,4,2,1,0,1,0,0000000,99,99,99,99,99,99,0,0,0,1,0
12,123094,1,1,0,0,0,1,1,86,0,23,10,2016,1,13,50,0,1,5,25,5,202ND AVE,,99998,25.44796667,-80.517536110000,0,1,0,0,1,1,0,4,1,1,0,1,0,0000000,99,99,99,99,88,88,0,0,0,1,0
12,123095,2,2,0,0,0,3,3,86,2441,29,11,2016,3,4,49,1,2,3,1,2,US-1,DIXIE HWY,99998,25.62807222,-80.341383330000,0,12,11,0,2,3,0,1,3,1,0,1,0,0000000,99,99,99,99,99,99,0,0,0,1,0
12,123096,1,1,0,1,1,1,1,86,0,9,11,2016,4,18,13,0,2,5,25,5,157TH AVE,,99998,25.73893056,-80.448008330000,0,8,0,0,1,1,0,1,2,1,0,1,0,0000000,99,99,99,99,99,99,0,0,0,1,0
12,123097,1,1,0,1,1,1,1,86,2025,25,10,2016,3,19,5,0,2,3,25,7,155TH ST,,99998,25.62350278,-80.419836110000,0,8,0,0,1,1,0,1,5,1,0,1,0,0000000,99,99,99,99,99,99,0,0,0,1,0
12,123098,2,2,0,0,0,4,4,86,0,11,11,2016,6,22,2,0,1,5,25,5,248TH ST,,99998,25.53717222,-80.348597220000,0,1,0,0,1,1,0,1,2,1,0,1,0,0000000,99,99,99,99,99,99,0,0,0,2,0
12,123099,1,1,0,1,1,1,1,86,0,13,11,2016,1,20,50,0,2,5,25,5,6TH AVE,,99998,25.91635278,-80.209875000000,0,8,0,0,1,1,0,1,2,1,0,1,0,0000000,99,99,99,99,88,88,0,0,0,1,0
12,123100,1,1,0,0,0,5,5,86,0,19,11,2016,7,5,4,0,2,3,25,7,62ND ST,138TH PASS,99998,25.70947778,-80.420102780000,0,39,0,0,3,2,0,5,2,1,0,1,0,0000000,99,99,99,99,99,99,0,0,0,1,0
12,123101,2,2,0,0,0,3,3,127,2580,31,12,2016,7,20,30,1,1,3,1,3,SR-421,1761 SR-421,99998,29.11330278,-81.027272220000,0,12,6,0,2,3,0,1,3,1,0,1,0,0000000,99,99,99,99,99,99,0,0,0,1,0
12,123102,3,3,0,0,0,2,2,86,0,29,12,2016,5,7,3,0,2,5,25,5,SW 137TH AVE,,99998,25.96016111,-80.326855560000,0,12,1,0,1,1,0,1,3,1,0,1,0,0000000,99,99,99,99,99,99,0,0,0,1,0
12,123103,3,3,0,0,0,3,3,86,0,2,12,2016,6,17,0,0,2,3,25,7,NW 103RD ST,NW 17TH AVE,99998,25.86853889,-80.226163890000,0,12,6,0,2,2,0,1,1,1,0,1,0,0000000,99,99,99,99,99,99,0,0,0,1,0
12,123104,3,3,0,0,0,5,5,86,2010,10,11,2016,5,16,12,0,2,5,25,5,NW 27TH AVE,NW 62ND ST,99998,25.83110556,-80.241058330000,0,12,6,0,2,2,0,1,1,1,0,1,0,0000000,99,99,99,99,99,99,0,0,0,1,0
12,123105,1,1,0,1,1,1,1,86,0,12,10,2016,4,7,55,0,2,3,25,7,SW 104TH ST,SW 147TH AVE,99998,25.67050278,-80.432505560000,0,8,0,0,3,2,0,1,1,1,0,1,0,0000000,99,99,99,99,99,99,0,0,0,1,0
12,123106,1,1,0,1,1,1,1,86,0,17,12,2016,7,19,13,0,1,5,25,5,SW 40TH ST,,99998,25.97416667,-80.207480560000,0,8,0,0,1,1,0,1,2,1,0,1,0,0000000,99,99,99,99,99,99,0,0,0,1,0
12,123107,2,2,0,0,0,3,3,57,0,14,6,2016,3,18,23,0,2,5,25,5,LINEBAUGH AVE,WILSKY BLVD,99998,28.04026389,-82.566358330000,0,12,2,0,2,2,0,1,1,1,0,1,0,0000000,99,99,99,99,99,99,0,0,0,1,0
12,123108,1,1,0,0,0,1,1,86,2330,30,10,2016,1,6,30,0,2,5,25,5,DOUGLAS RD EXT,,99998,25.90598611,-80.257922220000,0,33,0,1,5,1,0,3,3,2,0,2,0,0000000,99,99,99,99,99,99,0,0,0,1,0
12,123109,3,3,0,0,0,8,8,31,1510,5,12,2016,2,20,0,1,2,3,1,3,SR-115,,99998,30.41666389,-81.696666670000,0,12,6,0,1,1,0,1,3,10,0,10,0,0000000,99,99,99,99,99,99,0,0,0,1,1
12,123110,1,1,0,1,1,1,1,86,2023,2,10,2016,1,20,34,0,2,5,25,5,22ND AVE,,99998,25.91893333,-80.236244440000,0,8,0,0,1,1,0,1,2,1,0,1,0,0000000,99,99,99,99,88,88,0,0,0,1,0
12,123111,2,2,0,0,0,4,4,86,1030,3,9,2016,7,18,57,1,2,2,1,2,US-1,355 ST,99998,25.43684722,-80.474852780000,0,12,6,1,2,3,0,1,1,1,0,1,0,0000000,99,99,99,99,99,99,0,0,0,1,0
12,123112,4,2,2,0,0,4,4,86,0,24,11,2016,5,15,28,0,2,6,25,5,RIVER DR,,99998,25.80230278,-80.251694440000,0,12,7,0,1,1,0,1,1,1,0,1,0,0000000,99,99,99,99,99,99,0,0,0,2,0
12,123113,1,1,0,1,1,1,1,86,0,31,10,2016,2,6,54,1,2,3,1,3,SR-9,114 AVENUE,99998,25.72903333,-80.237436110000,0,8,0,9,3,2,0,1,3,10,0,10,0,0000000,99,99,99,99,99,99,0,0,0,1,0
12,123114,2,2,0,0,0,3,3,86,0,1,8,2016,2,21,15,0,2,7,25,6,CORAL WAY,,99998,25.75053889,-80.229805560000,0,12,1,0,1,1,0,1,1,1,0,1,0,0000000,99,99,99,99,99,99,0,0,0,1,0
12,123115,1,1,0,1,1,2,2,57,2950,29,10,2016,7,4,51,0,1,5,25,5,KENNEDY BLVD,,99998,27.94607222,-82.462447220000,0,8,0,0,1,1,0,1,3,1,0,1,0,0000000,99,99,99,99,88,88,0,0,0,1,0
12,123116,3,3,0,0,0,7,7,81,2440,27,6,2016,2,21,15,1,1,3,1,3,SR-45,17TH ST,99998,27.52860278,-82.572922220000,0,12,2,0,3,2,0,1,3,1,0,1,0,0000000,99,99,99,99,99,99,0,0,0,1,0
12,123117,1,1,0,1,1,1,1,86,0,9,8,2016,3,17,49,0,2,4,25,6,NW 17TH AVE,,99998,25.84579722,-80.225352780000,0,8,0,0,1,1,0,1,1,1,0,1,0,0000000,99,99,99,99,99,99,0,0,0,1,0
12,123118,1,1,0,1,1,1,1,86,2010,10,8,2016,4,13,49,0,2,5,25,5,MIAMI AVE,60TH ST,99998,25.76884444,-80.193497220000,0,8,0,0,3,2,0,1,1,1,0,1,0,0000000,99,99,99,99,99,99,0,0,0,1,0
12,123119,1,1,0,0,0,1,1,105,0,4,12,2016,1,15,30,0,1,4,25,4,CR-33,,99998,28.18005556,-81.830861110000,0,18,0,0,1,1,0,4,1,1,0,1,0,622855S,99,99,99,99,99,99,0,0,0,1,0
12,123120,2,2,0,0,0,3,3,101,2180,29,12,2016,5,7,58,1,2,3,1,2,US-19,AVERY RD,99998,28.26231111,-82.727730560000,0,12,6,0,3,3,0,1,1,1,0,1,0,0000000,99,99,99,99,99,99,0,0,0,1,0
12,123121,1,1,0,0,0,1,1,86,0,16,12,2016,6,18,25,0,1,5,25,5,111TH ST,,99998,25.87676667,-80.202269440000,0,3,0,0,1,1,0,5,2,1,0,1,0,0000000,99,99,99,99,99,99,0,0,0,1,0